INSERT INTO CRM_APPLICATION_CONFIG(ID, CONFIG_KEY, CONFIG_VALUE) VALUES (2, 'POINTS_VALUE', '1');
INSERT INTO CRM_APPLICATION_CONFIG(ID, CONFIG_KEY, CONFIG_VALUE) VALUES (3, 'SUSPENDED_FROM_POINTS', '');

INSERT INTO CRM_REF_LOOKUP_HDR(CODE,DESCRIPTION) VALUES ('MEM021','BANK');
INSERT INTO CRM_REF_LOOKUP_HDR(CODE,DESCRIPTION) VALUES ('PRD003','PRODUCT CLASSIFICATION');
INSERT INTO CRM_REF_LOOKUP_HDR(CODE,DESCRIPTION) VALUES ('MKT007','PAYMENT TYPE WITH WILDCARDS');
INSERT INTO CRM_REF_LOOKUP_HDR(CODE,DESCRIPTION) VALUES ('CPT000','COMPLAINT STATUS');
INSERT INTO CRM_REF_LOOKUP_HDR(CODE,DESCRIPTION) VALUES ('COM001','COMPANY');
INSERT INTO CRM_REF_LOOKUP_HDR(CODE,DESCRIPTION) VALUES ('MEM022','NO OF EMPLOYEES');
INSERT INTO CRM_REF_LOOKUP_HDR(CODE,DESCRIPTION) VALUES ('MEM001','TITLE');
INSERT INTO CRM_REF_LOOKUP_HDR(CODE,DESCRIPTION) VALUES ('MEM002','GENDER');
INSERT INTO CRM_REF_LOOKUP_HDR(CODE,DESCRIPTION) VALUES ('MEM003','NATIONALITY');
INSERT INTO CRM_REF_LOOKUP_HDR(CODE,DESCRIPTION) VALUES ('MEM004','MARITAL STATUS');
INSERT INTO CRM_REF_LOOKUP_HDR(CODE,DESCRIPTION) VALUES ('MEM005','PREFERRED LANGUAGE');
INSERT INTO CRM_REF_LOOKUP_HDR(CODE,DESCRIPTION) VALUES ('MEM006','ACCOUNT STATUS');
INSERT INTO CRM_REF_LOOKUP_HDR(CODE,DESCRIPTION) VALUES ('MEM007','MEMBER TYPE');
INSERT INTO CRM_REF_LOOKUP_HDR(CODE,DESCRIPTION) VALUES ('MEM008','CARD TYPE');
INSERT INTO CRM_REF_LOOKUP_HDR(CODE,DESCRIPTION) VALUES ('MEM009','EDUCATION');
INSERT INTO CRM_REF_LOOKUP_HDR(CODE,DESCRIPTION) VALUES ('MEM010','OCCUPATION');
INSERT INTO CRM_REF_LOOKUP_HDR(CODE,DESCRIPTION) VALUES ('MEM011','PERSONAL INCOME');
INSERT INTO CRM_REF_LOOKUP_HDR(CODE,DESCRIPTION) VALUES ('MEM012','HOUSEHOLD INCOME');
INSERT INTO CRM_REF_LOOKUP_HDR(CODE,DESCRIPTION) VALUES ('MEM013','FAMILY SIZE');
INSERT INTO CRM_REF_LOOKUP_HDR(CODE,DESCRIPTION) VALUES ('MEM014','CHILDREN');
INSERT INTO CRM_REF_LOOKUP_HDR(CODE,DESCRIPTION) VALUES ('MEM015','PETS');
INSERT INTO CRM_REF_LOOKUP_HDR(CODE,DESCRIPTION) VALUES ('MEM016','FOOD PREFERENCE');
INSERT INTO CRM_REF_LOOKUP_HDR(CODE,DESCRIPTION) VALUES ('MEM017','INTERESTS');
INSERT INTO CRM_REF_LOOKUP_HDR(CODE,DESCRIPTION) VALUES ('MEM019','RELIGION');
INSERT INTO CRM_REF_LOOKUP_HDR(CODE,DESCRIPTION) VALUES ('MEM020','DEPARTMENT');
INSERT INTO CRM_REF_LOOKUP_HDR(CODE,DESCRIPTION) VALUES ('MKT001','PAYMENT TYPE');
INSERT INTO CRM_REF_LOOKUP_HDR(CODE,DESCRIPTION) VALUES ('MKT002','POINTS ADJUSTMENT');
INSERT INTO CRM_REF_LOOKUP_HDR(CODE,DESCRIPTION) VALUES ('MKT003','AGE FILTER');
INSERT INTO CRM_REF_LOOKUP_HDR(CODE,DESCRIPTION) VALUES ('MKT004','DAYS');
INSERT INTO CRM_REF_LOOKUP_HDR(CODE,DESCRIPTION) VALUES ('MKT005','REWARD TYPE');
INSERT INTO CRM_REF_LOOKUP_HDR(CODE,DESCRIPTION) VALUES ('MKT006','PROMOTION TYPE');
INSERT INTO CRM_REF_LOOKUP_HDR(CODE,DESCRIPTION) VALUES ('INV001','INVENTORY LOCATION');
INSERT INTO CRM_REF_LOOKUP_HDR(CODE,DESCRIPTION) VALUES ('REST001','MESSAGE CODE');
INSERT INTO CRM_REF_LOOKUP_HDR(CODE,DESCRIPTION) VALUES ('GEN001','OPERANDS');
INSERT INTO CRM_REF_LOOKUP_HDR(CODE,DESCRIPTION) VALUES ('GEN002','FIELD TYPE');
INSERT INTO CRM_REF_LOOKUP_HDR(CODE,DESCRIPTION) VALUES ('GEN003','GENERAL STATUS TYPE');
INSERT INTO CRM_REF_LOOKUP_HDR(CODE,DESCRIPTION) VALUES ('APM001','EMPLOYEE APPROVED PAYMENT MEDIA');
INSERT INTO CRM_REF_LOOKUP_HDR(CODE,DESCRIPTION) VALUES ('APM002','EMPLOYEE CARD NUMBER FILTER');
INSERT INTO CRM_REF_LOOKUP_HDR(CODE,DESCRIPTION) VALUES ('PRD001','PRODUCT GROUP CLASSIFICATION');
INSERT INTO CRM_REF_LOOKUP_HDR(CODE,DESCRIPTION) VALUES ('PRD002','PRODUCT GROUP SUBCLASSIFICATION');
INSERT INTO CRM_REF_LOOKUP_HDR(CODE,DESCRIPTION) VALUES ('CMP001','CUSTOMER GROUP');
INSERT INTO CRM_REF_LOOKUP_HDR(CODE,DESCRIPTION) VALUES ('CMP002','CUSTOMER SEGMENTATION');
INSERT INTO CRM_REF_LOOKUP_HDR(CODE,DESCRIPTION) VALUES ('LYT001','MANUFACTURE ORDER STATUS');
INSERT INTO CRM_REF_LOOKUP_HDR(CODE,DESCRIPTION) VALUES ('LYT002','VENDORS');
INSERT INTO CRM_REF_LOOKUP_HDR(CODE,DESCRIPTION) VALUES ('EMP001','EMPLOYEE TYPE');
INSERT INTO CRM_REF_LOOKUP_HDR(CODE,DESCRIPTION) VALUES ('LYT003','LOYALTY CARD INVENTORY STATUS');
INSERT INTO CRM_REF_LOOKUP_HDR(CODE,DESCRIPTION) VALUES ('MEM023','BUSINESS FIELD');
INSERT INTO CRM_REF_LOOKUP_HDR(CODE,DESCRIPTION) VALUES ('MEM024','BEST TIME TO CALL');
INSERT INTO CRM_REF_LOOKUP_HDR(CODE,DESCRIPTION) VALUES ('MEM025','SOCIAL MEDIA');
INSERT INTO CRM_REF_LOOKUP_HDR(CODE,DESCRIPTION) VALUES ('MEM026','VISITED SUPERMARKETS');
INSERT INTO CRM_REF_LOOKUP_HDR(CODE,DESCRIPTION) VALUES ('MEM027','INTERESTED ACTIVITIES');
INSERT INTO CRM_REF_LOOKUP_HDR(CODE,DESCRIPTION) VALUES ('MEM028','VEHICLES OWNED');
INSERT INTO CRM_REF_LOOKUP_HDR(CODE,DESCRIPTION) VALUES ('MEM029','RADIUS');
INSERT INTO CRM_REF_LOOKUP_HDR(CODE,DESCRIPTION) VALUES ('MEM030','CORRESPONDENCE ADDRESS');
INSERT INTO CRM_REF_LOOKUP_HDR(CODE,DESCRIPTION) VALUES ('MEM031','HOW CUST IS INFORMED');
INSERT INTO CRM_REF_LOOKUP_HDR(CODE,DESCRIPTION) VALUES ('MEM032','INTERESTED PRODUCTS');



INSERT INTO CRM_REF_LOOKUP_DTL(CODE,DESCRIPTION,STATUS,HDR) VALUES ('BANK001','HSBC','ACTIVE','MEM021');                                                                                                                    
INSERT INTO CRM_REF_LOOKUP_DTL(CODE,DESCRIPTION,STATUS,HDR) VALUES ('BANK002','CITI','ACTIVE','MEM021');                                                                                                                    
INSERT INTO CRM_REF_LOOKUP_DTL(CODE,DESCRIPTION,STATUS,HDR) VALUES ('BANK003','JPMORGAN CHASE','ACTIVE','MEM021');                                                                                                          
INSERT INTO CRM_REF_LOOKUP_DTL(CODE,DESCRIPTION,STATUS,HDR) VALUES ('PCFN001','DIVISION','ACTIVE','PRD003');                                                                                                                
INSERT INTO CRM_REF_LOOKUP_DTL(CODE,DESCRIPTION,STATUS,HDR) VALUES ('PCFN002','DEPARTMENT','ACTIVE','PRD003');                                                                                                              
INSERT INTO CRM_REF_LOOKUP_DTL(CODE,DESCRIPTION,STATUS,HDR) VALUES ('PCFN003','GROUP','ACTIVE','PRD003');                                                                                                                   
INSERT INTO CRM_REF_LOOKUP_DTL(CODE,DESCRIPTION,STATUS,HDR) VALUES ('PCFN004','FAMILY','ACTIVE','PRD003');                                                                                                                  
INSERT INTO CRM_REF_LOOKUP_DTL(CODE,DESCRIPTION,STATUS,HDR) VALUES ('PCFN005','SUBFAMILY','ACTIVE','PRD003');                                                                                                               
INSERT INTO CRM_REF_LOOKUP_DTL(CODE,DESCRIPTION,STATUS,HDR) VALUES ('LINV008','MISSING','ACTIVE','LYT003');                                                                                                                 
INSERT INTO CRM_REF_LOOKUP_DTL(CODE,DESCRIPTION,STATUS,HDR) VALUES ('LINV009','BURNED','ACTIVE','LYT003');                                                                                                                  
INSERT INTO CRM_REF_LOOKUP_DTL(CODE,DESCRIPTION,STATUS,HDR) VALUES ('RWRD004','ITEM POINT','ACTIVE','MKT005');                                                                                                              
INSERT INTO CRM_REF_LOOKUP_DTL(CODE,DESCRIPTION,STATUS,HDR) VALUES ('MSGC008','INVALID PARAMETER','ACTIVE','REST001');                                                                                                      
INSERT INTO CRM_REF_LOOKUP_DTL(CODE,DESCRIPTION,STATUS,HDR) VALUES ('MSGC009','RECORD NOT FOUND','ACTIVE','REST001');                                                                                                       
INSERT INTO CRM_REF_LOOKUP_DTL(CODE,DESCRIPTION,STATUS,HDR) VALUES ('LINV010','FOUND','ACTIVE','LYT003');                                                                                                                   
INSERT INTO CRM_REF_LOOKUP_DTL(CODE,DESCRIPTION,STATUS,HDR) VALUES ('PTYP009','ECS','ACTIVE','MKT007');                                                                                                                     
INSERT INTO CRM_REF_LOOKUP_DTL(CODE,DESCRIPTION,STATUS,HDR) VALUES ('CPTS001','NEW','ACTIVE','CPT000');                                                                                                                     
INSERT INTO CRM_REF_LOOKUP_DTL(CODE,DESCRIPTION,STATUS,HDR) VALUES ('CPTS002','ASSIGNED','ACTIVE','CPT000');                                                                                                                
INSERT INTO CRM_REF_LOOKUP_DTL(CODE,DESCRIPTION,STATUS,HDR) VALUES ('CPTS003','REASSIGNED','ACTIVE','CPT000');                                                                                                              
INSERT INTO CRM_REF_LOOKUP_DTL(CODE,DESCRIPTION,STATUS,HDR) VALUES ('CPTS004','IN PROGRESS','ACTIVE','CPT000');                                                                                                             
INSERT INTO CRM_REF_LOOKUP_DTL(CODE,DESCRIPTION,STATUS,HDR) VALUES ('CPTS005','RESOLVED','ACTIVE','CPT000');                                                                                                                
INSERT INTO CRM_REF_LOOKUP_DTL(CODE,DESCRIPTION,STATUS,HDR) VALUES ('NOEM001','<5','ACTIVE','MEM022');                                                                                                                      
INSERT INTO CRM_REF_LOOKUP_DTL(CODE,DESCRIPTION,STATUS,HDR) VALUES ('NOEM002','5-9','ACTIVE','MEM022');                                                                                                                     
INSERT INTO CRM_REF_LOOKUP_DTL(CODE,DESCRIPTION,STATUS,HDR) VALUES ('NOEM003','10-49','ACTIVE','MEM022');                                                                                                                   
INSERT INTO CRM_REF_LOOKUP_DTL(CODE,DESCRIPTION,STATUS,HDR) VALUES ('NOEM004','50-100','ACTIVE','MEM022');                                                                                                                  
INSERT INTO CRM_REF_LOOKUP_DTL(CODE,DESCRIPTION,STATUS,HDR) VALUES ('NOEM005','>100','ACTIVE','MEM022');                                                                                                                    
INSERT INTO CRM_REF_LOOKUP_DTL(CODE,DESCRIPTION,STATUS,HDR) VALUES ('MSGC010','SUPPLEMENTARY NOT ALLOWED','ACTIVE','REST001');                                                                                              
INSERT INTO CRM_REF_LOOKUP_DTL(CODE,DESCRIPTION,STATUS,HDR) VALUES ('TITL001','MR','ACTIVE','MEM001');                                                                                                                      
INSERT INTO CRM_REF_LOOKUP_DTL(CODE,DESCRIPTION,STATUS,HDR) VALUES ('TITL002','MRS','ACTIVE','MEM001');                                                                                                                     
INSERT INTO CRM_REF_LOOKUP_DTL(CODE,DESCRIPTION,STATUS,HDR) VALUES ('TITL003','MISS','ACTIVE','MEM001');                                                                                                                    
INSERT INTO CRM_REF_LOOKUP_DTL(CODE,DESCRIPTION,STATUS,HDR) VALUES ('TITL004','MADAM','ACTIVE','MEM001');                                                                                                                   
INSERT INTO CRM_REF_LOOKUP_DTL(CODE,DESCRIPTION,STATUS,HDR) VALUES ('GEND001','MALE','ACTIVE','MEM002');                                                                                                                    
INSERT INTO CRM_REF_LOOKUP_DTL(CODE,DESCRIPTION,STATUS,HDR) VALUES ('GEND002','FEMALE','ACTIVE','MEM002');                                                                                                                  
INSERT INTO CRM_REF_LOOKUP_DTL(CODE,DESCRIPTION,STATUS,HDR) VALUES ('GEND003','NOT SELECTED','ACTIVE','MEM002');                                                                                                            
INSERT INTO CRM_REF_LOOKUP_DTL(CODE,DESCRIPTION,STATUS,HDR) VALUES ('NATY001','INDONESIAN','ACTIVE','MEM003');                                                                                                              
INSERT INTO CRM_REF_LOOKUP_DTL(CODE,DESCRIPTION,STATUS,HDR) VALUES ('NATY002','FILIPINO','ACTIVE','MEM003');                                                                                                                
INSERT INTO CRM_REF_LOOKUP_DTL(CODE,DESCRIPTION,STATUS,HDR) VALUES ('NATY003','AMERICAN','ACTIVE','MEM003');                                                                                                                
INSERT INTO CRM_REF_LOOKUP_DTL(CODE,DESCRIPTION,STATUS,HDR) VALUES ('NATY004','CHINESE','ACTIVE','MEM003');                                                                                                                 
INSERT INTO CRM_REF_LOOKUP_DTL(CODE,DESCRIPTION,STATUS,HDR) VALUES ('NATY005','MALAYSIAN','ACTIVE','MEM003');                                                                                                               
INSERT INTO CRM_REF_LOOKUP_DTL(CODE,DESCRIPTION,STATUS,HDR) VALUES ('MARI001','SINGLE','ACTIVE','MEM004');                                                                                                                  
INSERT INTO CRM_REF_LOOKUP_DTL(CODE,DESCRIPTION,STATUS,HDR) VALUES ('MARI002','MARRIED','ACTIVE','MEM004');                                                                                                                 
INSERT INTO CRM_REF_LOOKUP_DTL(CODE,DESCRIPTION,STATUS,HDR) VALUES ('MARI003','DIVORCE','ACTIVE','MEM004');                                                                                                                 
INSERT INTO CRM_REF_LOOKUP_DTL(CODE,DESCRIPTION,STATUS,HDR) VALUES ('LANG001','BAHASSA','ACTIVE','MEM005');                                                                                                                 
INSERT INTO CRM_REF_LOOKUP_DTL(CODE,DESCRIPTION,STATUS,HDR) VALUES ('LANG002','ENGLISH','ACTIVE','MEM005');                                                                                                                 
INSERT INTO CRM_REF_LOOKUP_DTL(CODE,DESCRIPTION,STATUS,HDR) VALUES ('LANG003','CHINESE','ACTIVE','MEM005');                                                                                                                 
INSERT INTO CRM_REF_LOOKUP_DTL(CODE,DESCRIPTION,STATUS,HDR) VALUES ('ASTA001','ACTIVE','ACTIVE','MEM006');                                                                                                                  
INSERT INTO CRM_REF_LOOKUP_DTL(CODE,DESCRIPTION,STATUS,HDR) VALUES ('ASTA002','DISABLE','ACTIVE','MEM006');                                                                                                                 
INSERT INTO CRM_REF_LOOKUP_DTL(CODE,DESCRIPTION,STATUS,HDR) VALUES ('ASTA003','ON HOLD','ACTIVE','MEM006');                                                                                                                 
INSERT INTO CRM_REF_LOOKUP_DTL(CODE,DESCRIPTION,STATUS,HDR) VALUES ('MTYP001','INDIVIDUAL','ACTIVE','MEM007');                                                                                                              
INSERT INTO CRM_REF_LOOKUP_DTL(CODE,DESCRIPTION,STATUS,HDR) VALUES ('MTYP002','EMPLOYEE','ACTIVE','MEM007');                                                                                                                
INSERT INTO CRM_REF_LOOKUP_DTL(CODE,DESCRIPTION,STATUS,HDR) VALUES ('MTYP003','PROFESSIONAL','ACTIVE','MEM007');                                                                                                            
INSERT INTO CRM_REF_LOOKUP_DTL(CODE,DESCRIPTION,STATUS,HDR) VALUES ('EDUC001','NO CERTIFICATE','ACTIVE','MEM009');                                                                                                          
INSERT INTO CRM_REF_LOOKUP_DTL(CODE,DESCRIPTION,STATUS,HDR) VALUES ('EDUC002','PRIMARY SCHOOL','ACTIVE','MEM009');                                                                                                          
INSERT INTO CRM_REF_LOOKUP_DTL(CODE,DESCRIPTION,STATUS,HDR) VALUES ('EDUC003','SECONDARY SCHOOL','ACTIVE','MEM009');                                                                                                        
INSERT INTO CRM_REF_LOOKUP_DTL(CODE,DESCRIPTION,STATUS,HDR) VALUES ('EDUC004','TERTIARY SCHOOL','ACTIVE','MEM009');                                                                                                         
INSERT INTO CRM_REF_LOOKUP_DTL(CODE,DESCRIPTION,STATUS,HDR) VALUES ('EDUC005','GRADUATE SCHOOL','ACTIVE','MEM009');                                                                                                         
INSERT INTO CRM_REF_LOOKUP_DTL(CODE,DESCRIPTION,STATUS,HDR) VALUES ('EDUC006','PHD','ACTIVE','MEM009');                                                                                                                     
INSERT INTO CRM_REF_LOOKUP_DTL(CODE,DESCRIPTION,STATUS,HDR) VALUES ('OCCU001','JOBLESS','ACTIVE','MEM010');                                                                                                                 
INSERT INTO CRM_REF_LOOKUP_DTL(CODE,DESCRIPTION,STATUS,HDR) VALUES ('OCCU003','PROFESSIONAL','ACTIVE','MEM010');                                                                                                            
INSERT INTO CRM_REF_LOOKUP_DTL(CODE,DESCRIPTION,STATUS,HDR) VALUES ('OCCU004','STUDENT','ACTIVE','MEM010');                                                                                                                 
INSERT INTO CRM_REF_LOOKUP_DTL(CODE,DESCRIPTION,STATUS,HDR) VALUES ('PINC001','BELOW 1000','ACTIVE','MEM011');                                                                                                              
INSERT INTO CRM_REF_LOOKUP_DTL(CODE,DESCRIPTION,STATUS,HDR) VALUES ('PINC002','1001 - 3000','ACTIVE','MEM011');                                                                                                             
INSERT INTO CRM_REF_LOOKUP_DTL(CODE,DESCRIPTION,STATUS,HDR) VALUES ('PINC003','3001 - 4000','ACTIVE','MEM011');                                                                                                             
INSERT INTO CRM_REF_LOOKUP_DTL(CODE,DESCRIPTION,STATUS,HDR) VALUES ('PINC004','4001 - ABOVE','ACTIVE','MEM011');                                                                                                            
INSERT INTO CRM_REF_LOOKUP_DTL(CODE,DESCRIPTION,STATUS,HDR) VALUES ('HINC001','BELOW 1000','ACTIVE','MEM012');                                                                                                              
INSERT INTO CRM_REF_LOOKUP_DTL(CODE,DESCRIPTION,STATUS,HDR) VALUES ('HINC002','1001 - 3000','ACTIVE','MEM012');                                                                                                             
INSERT INTO CRM_REF_LOOKUP_DTL(CODE,DESCRIPTION,STATUS,HDR) VALUES ('HINC003','3001 - 4000','ACTIVE','MEM012');                                                                                                             
INSERT INTO CRM_REF_LOOKUP_DTL(CODE,DESCRIPTION,STATUS,HDR) VALUES ('HINC004','4001 - ABOVE','ACTIVE','MEM012');                                                                                                            
INSERT INTO CRM_REF_LOOKUP_DTL(CODE,DESCRIPTION,STATUS,HDR) VALUES ('FSIZ001','1 ONLY','ACTIVE','MEM013');                                                                                                                  
INSERT INTO CRM_REF_LOOKUP_DTL(CODE,DESCRIPTION,STATUS,HDR) VALUES ('FSIZ002','2 - 3 MEMBERS','ACTIVE','MEM013');                                                                                                           
INSERT INTO CRM_REF_LOOKUP_DTL(CODE,DESCRIPTION,STATUS,HDR) VALUES ('FSIZ003','3 - 5 MEMBERS','ACTIVE','MEM013');                                                                                                           
INSERT INTO CRM_REF_LOOKUP_DTL(CODE,DESCRIPTION,STATUS,HDR) VALUES ('FSIZ004','6 OR MORE','ACTIVE','MEM013');                                                                                                               
INSERT INTO CRM_REF_LOOKUP_DTL(CODE,DESCRIPTION,STATUS,HDR) VALUES ('CHIL001','NO CHILDREN','ACTIVE','MEM014');                                                                                                             
INSERT INTO CRM_REF_LOOKUP_DTL(CODE,DESCRIPTION,STATUS,HDR) VALUES ('CHIL002','1 CHILD','ACTIVE','MEM014');                                                                                                                 
INSERT INTO CRM_REF_LOOKUP_DTL(CODE,DESCRIPTION,STATUS,HDR) VALUES ('CHIL003','2 - 3 CHILDREN','ACTIVE','MEM014');                                                                                                          
INSERT INTO CRM_REF_LOOKUP_DTL(CODE,DESCRIPTION,STATUS,HDR) VALUES ('PETO001','DOG','ACTIVE','MEM015');                                                                                                                     
INSERT INTO CRM_REF_LOOKUP_DTL(CODE,DESCRIPTION,STATUS,HDR) VALUES ('PETO002','CAT','ACTIVE','MEM015');                                                                                                                     
INSERT INTO CRM_REF_LOOKUP_DTL(CODE,DESCRIPTION,STATUS,HDR) VALUES ('PETO003','FISH','ACTIVE','MEM015');                                                                                                                    
INSERT INTO CRM_REF_LOOKUP_DTL(CODE,DESCRIPTION,STATUS,HDR) VALUES ('FOOD001','LOCAL FOOD','ACTIVE','MEM016');                                                                                                              
INSERT INTO CRM_REF_LOOKUP_DTL(CODE,DESCRIPTION,STATUS,HDR) VALUES ('FOOD002','WESTERN FOOD','ACTIVE','MEM016');                                                                                                            
INSERT INTO CRM_REF_LOOKUP_DTL(CODE,DESCRIPTION,STATUS,HDR) VALUES ('FOOD003','CHINESE FOOD','ACTIVE','MEM016');                                                                                                            
INSERT INTO CRM_REF_LOOKUP_DTL(CODE,DESCRIPTION,STATUS,HDR) VALUES ('FOOD004','FAST FOOD','ACTIVE','MEM016');                                                                                                               
INSERT INTO CRM_REF_LOOKUP_DTL(CODE,DESCRIPTION,STATUS,HDR) VALUES ('INTR001','READING BOOKS','ACTIVE','MEM017');                                                                                                           
INSERT INTO CRM_REF_LOOKUP_DTL(CODE,DESCRIPTION,STATUS,HDR) VALUES ('INTR002','SPORTS','ACTIVE','MEM017');                                                                                                                  
INSERT INTO CRM_REF_LOOKUP_DTL(CODE,DESCRIPTION,STATUS,HDR) VALUES ('INTR003','OUTDOORS','ACTIVE','MEM017');                                                                                                                
INSERT INTO CRM_REF_LOOKUP_DTL(CODE,DESCRIPTION,STATUS,HDR) VALUES ('RELO001','ISLAM','ACTIVE','MEM019');                                                                                                                   
INSERT INTO CRM_REF_LOOKUP_DTL(CODE,DESCRIPTION,STATUS,HDR) VALUES ('RELO002','CHRISTIAN','ACTIVE','MEM019');                                                                                                               
INSERT INTO CRM_REF_LOOKUP_DTL(CODE,DESCRIPTION,STATUS,HDR) VALUES ('RELO003','HINDU','ACTIVE','MEM019');                                                                                                                   
INSERT INTO CRM_REF_LOOKUP_DTL(CODE,DESCRIPTION,STATUS,HDR) VALUES ('RELO004','JEW','ACTIVE','MEM019');                                                                                                                     
INSERT INTO CRM_REF_LOOKUP_DTL(CODE,DESCRIPTION,STATUS,HDR) VALUES ('RELO005','HEBREW','ACTIVE','MEM019');                                                                                                                  
INSERT INTO CRM_REF_LOOKUP_DTL(CODE,DESCRIPTION,STATUS,HDR) VALUES ('RELO006','BUDDHIST','ACTIVE','MEM019');                                                                                                                
INSERT INTO CRM_REF_LOOKUP_DTL(CODE,DESCRIPTION,STATUS,HDR) VALUES ('RELO007','ATHEIST','ACTIVE','MEM019');                                                                                                                 
INSERT INTO CRM_REF_LOOKUP_DTL(CODE,DESCRIPTION,STATUS,HDR) VALUES ('BFLD001','OTHER','ACTIVE','MEM023');                                                                                                                   
INSERT INTO CRM_REF_LOOKUP_DTL(CODE,DESCRIPTION,STATUS,HDR) VALUES ('BFLD002','INFORMATION TECHNOLOGY','ACTIVE','MEM023');                                                                                                  
INSERT INTO CRM_REF_LOOKUP_DTL(CODE,DESCRIPTION,STATUS,HDR) VALUES ('BFLD003','HUMAN RESOURCES','ACTIVE','MEM023');                                                                                                         
INSERT INTO CRM_REF_LOOKUP_DTL(CODE,DESCRIPTION,STATUS,HDR) VALUES ('BFLD004','TELECOMMUNCATION','ACTIVE','MEM023');                                                                                                        
INSERT INTO CRM_REF_LOOKUP_DTL(CODE,DESCRIPTION,STATUS,HDR) VALUES ('BFLD005','ACADEMICS','ACTIVE','MEM023');                                                                                                               
INSERT INTO CRM_REF_LOOKUP_DTL(CODE,DESCRIPTION,STATUS,HDR) VALUES ('PTYP001','CASH','ACTIVE','MKT001');                                                                                                                    
INSERT INTO CRM_REF_LOOKUP_DTL(CODE,DESCRIPTION,STATUS,HDR) VALUES ('PTYP002','GIFT CARD','ACTIVE','MKT001');                                                                                                               
INSERT INTO CRM_REF_LOOKUP_DTL(CODE,DESCRIPTION,STATUS,HDR) VALUES ('PTYP003','VOUCHER','ACTIVE','MKT001');                                                                                                                 
INSERT INTO CRM_REF_LOOKUP_DTL(CODE,DESCRIPTION,STATUS,HDR) VALUES ('PTYP004','LOYALTY POINTS','ACTIVE','MKT001');                                                                                                          
INSERT INTO CRM_REF_LOOKUP_DTL(CODE,DESCRIPTION,STATUS,HDR) VALUES ('PTYP005','FLAZZ','ACTIVE','MKT001');                                                                                                                   
INSERT INTO CRM_REF_LOOKUP_DTL(CODE,DESCRIPTION,STATUS,HDR) VALUES ('PTYP006','COUPON','ACTIVE','MKT001');                                                                                                                  
INSERT INTO CRM_REF_LOOKUP_DTL(CODE,DESCRIPTION,STATUS,HDR) VALUES ('PTYP007','INSTALLMENT','ACTIVE','MKT001');                                                                                                             
INSERT INTO CRM_REF_LOOKUP_DTL(CODE,DESCRIPTION,STATUS,HDR) VALUES ('PTYP008','EFT','ACTIVE','MKT007');                                                                                                                     
INSERT INTO CRM_REF_LOOKUP_DTL(CODE,DESCRIPTION,STATUS,HDR) VALUES ('PADJ001','POINT NOT ISSUED','ACTIVE','MKT002');                                                                                                        
INSERT INTO CRM_REF_LOOKUP_DTL(CODE,DESCRIPTION,STATUS,HDR) VALUES ('PADJ002','DOUBLE POINT ISSUE','ACTIVE','MKT002');                                                                                                      
INSERT INTO CRM_REF_LOOKUP_DTL(CODE,DESCRIPTION,STATUS,HDR) VALUES ('PADJ003','DUPLICATE POINT','ACTIVE','MKT002');                                                                                                         
INSERT INTO CRM_REF_LOOKUP_DTL(CODE,DESCRIPTION,STATUS,HDR) VALUES ('PADJ004','WRONG VALUE','ACTIVE','MKT002');                                                                                                             
INSERT INTO CRM_REF_LOOKUP_DTL(CODE,DESCRIPTION,STATUS,HDR) VALUES ('AGEF001','BELOW 13 YEARS','ACTIVE','MKT003');                                                                                                          
INSERT INTO CRM_REF_LOOKUP_DTL(CODE,DESCRIPTION,STATUS,HDR) VALUES ('AGEF002','14 - 18 YEARS','ACTIVE','MKT003');                                                                                                           
INSERT INTO CRM_REF_LOOKUP_DTL(CODE,DESCRIPTION,STATUS,HDR) VALUES ('AGEF003','19 - 30 YEARS','ACTIVE','MKT003');                                                                                                           
INSERT INTO CRM_REF_LOOKUP_DTL(CODE,DESCRIPTION,STATUS,HDR) VALUES ('AGEF004','31 - 45 YEARS','ACTIVE','MKT003');                                                                                                           
INSERT INTO CRM_REF_LOOKUP_DTL(CODE,DESCRIPTION,STATUS,HDR) VALUES ('AGEF005','46 AND OLDER','ACTIVE','MKT003');                                                                                                            
INSERT INTO CRM_REF_LOOKUP_DTL(CODE,DESCRIPTION,STATUS,HDR) VALUES ('DAYS001','MONDAY','ACTIVE','MKT004');                                                                                                                  
INSERT INTO CRM_REF_LOOKUP_DTL(CODE,DESCRIPTION,STATUS,HDR) VALUES ('DAYS002','TUESDAY','ACTIVE','MKT004');                                                                                                                 
INSERT INTO CRM_REF_LOOKUP_DTL(CODE,DESCRIPTION,STATUS,HDR) VALUES ('DAYS003','WEDNESDAY','ACTIVE','MKT004');                                                                                                               
INSERT INTO CRM_REF_LOOKUP_DTL(CODE,DESCRIPTION,STATUS,HDR) VALUES ('DAYS004','THURSDAY','ACTIVE','MKT004');                                                                                                                
INSERT INTO CRM_REF_LOOKUP_DTL(CODE,DESCRIPTION,STATUS,HDR) VALUES ('DAYS005','FRIDAY','ACTIVE','MKT004');                                                                                                                  
INSERT INTO CRM_REF_LOOKUP_DTL(CODE,DESCRIPTION,STATUS,HDR) VALUES ('DAYS006','SATURDAY','ACTIVE','MKT004');                                                                                                                
INSERT INTO CRM_REF_LOOKUP_DTL(CODE,DESCRIPTION,STATUS,HDR) VALUES ('DAYS007','SUNDAY','ACTIVE','MKT004');                                                                                                                  
INSERT INTO CRM_REF_LOOKUP_DTL(CODE,DESCRIPTION,STATUS,HDR) VALUES ('RWRD001','POINTS','ACTIVE','MKT005');                                                                                                                  
INSERT INTO CRM_REF_LOOKUP_DTL(CODE,DESCRIPTION,STATUS,HDR) VALUES ('RWRD003','FREEBIE','ACTIVE','MKT005');                                                                                                                 
INSERT INTO CRM_REF_LOOKUP_DTL(CODE,DESCRIPTION,STATUS,HDR) VALUES ('PRMO001','BASIC','ACTIVE','MKT006');                                                                                                                   
INSERT INTO CRM_REF_LOOKUP_DTL(CODE,DESCRIPTION,STATUS,HDR) VALUES ('PRMO002','CUSTOM','ACTIVE','MKT006');                                                                                                                  
INSERT INTO CRM_REF_LOOKUP_DTL(CODE,DESCRIPTION,STATUS,HDR) VALUES ('MSGC001','MEMBER NOT FOUND','ACTIVE','REST001');                                                                                                       
INSERT INTO CRM_REF_LOOKUP_DTL(CODE,DESCRIPTION,STATUS,HDR) VALUES ('MSGC002','NOT ENOUGH POINTS','ACTIVE','REST001');                                                                                                      
INSERT INTO CRM_REF_LOOKUP_DTL(CODE,DESCRIPTION,STATUS,HDR) VALUES ('MSGC003','NO POINTS EARNED','ACTIVE','REST001');                                                                                                       
INSERT INTO CRM_REF_LOOKUP_DTL(CODE,DESCRIPTION,STATUS,HDR) VALUES ('MSGC004','INTERNAL ERROR','ACTIVE','REST001');                                                                                                         
INSERT INTO CRM_REF_LOOKUP_DTL(CODE,DESCRIPTION,STATUS,HDR) VALUES ('MSGC005','NO PAYMENT TYPE DEFINED','ACTIVE','REST001');                                                                                                
INSERT INTO CRM_REF_LOOKUP_DTL(CODE,DESCRIPTION,STATUS,HDR) VALUES ('MSGC006','PAYMENT NOT ALLOWED','ACTIVE','REST001');                                                                                                    
INSERT INTO CRM_REF_LOOKUP_DTL(CODE,DESCRIPTION,STATUS,HDR) VALUES ('OPRD001','EQUAL','ACTIVE','GEN001');                                                                                                                   
INSERT INTO CRM_REF_LOOKUP_DTL(CODE,DESCRIPTION,STATUS,HDR) VALUES ('OPRD002','GREATER THAN','ACTIVE','GEN001');                                                                                                            
INSERT INTO CRM_REF_LOOKUP_DTL(CODE,DESCRIPTION,STATUS,HDR) VALUES ('OPRD003','GREATER THAN OR EQUAL','ACTIVE','GEN001');                                                                                                   
INSERT INTO CRM_REF_LOOKUP_DTL(CODE,DESCRIPTION,STATUS,HDR) VALUES ('OPRD004','LESS THAN','ACTIVE','GEN001');                                                                                                               
INSERT INTO CRM_REF_LOOKUP_DTL(CODE,DESCRIPTION,STATUS,HDR) VALUES ('OPRD005','LESS THAN OR EQUAL','ACTIVE','GEN001');                                                                                                      
INSERT INTO CRM_REF_LOOKUP_DTL(CODE,DESCRIPTION,STATUS,HDR) VALUES ('FTYP001','STRING','ACTIVE','GEN002');                                                                                                                  
INSERT INTO CRM_REF_LOOKUP_DTL(CODE,DESCRIPTION,STATUS,HDR) VALUES ('FTYP002','NUMERIC','ACTIVE','GEN002');                                                                                                                 
INSERT INTO CRM_REF_LOOKUP_DTL(CODE,DESCRIPTION,STATUS,HDR) VALUES ('STAT001','ACTIVE','ACTIVE','GEN003');                                                                                                                  
INSERT INTO CRM_REF_LOOKUP_DTL(CODE,DESCRIPTION,STATUS,HDR) VALUES ('STAT002','FOR APPROVAL','ACTIVE','GEN003');                                                                                                            
INSERT INTO CRM_REF_LOOKUP_DTL(CODE,DESCRIPTION,STATUS,HDR) VALUES ('STAT003','REJECTED','ACTIVE','GEN003');                                                                                                                
INSERT INTO CRM_REF_LOOKUP_DTL(CODE,DESCRIPTION,STATUS,HDR) VALUES ('STAT004','EXPIRED','ACTIVE','GEN003');                                                                                                                 
INSERT INTO CRM_REF_LOOKUP_DTL(CODE,DESCRIPTION,STATUS,HDR) VALUES ('STAT005','DELETED','ACTIVE','GEN003');                                                                                                                 
INSERT INTO CRM_REF_LOOKUP_DTL(CODE,DESCRIPTION,STATUS,HDR) VALUES ('STAT006','DRAFT','ACTIVE','GEN003');                                                                                                                   
INSERT INTO CRM_REF_LOOKUP_DTL(CODE,DESCRIPTION,STATUS,HDR) VALUES ('STAT007','DISABLED','ACTIVE','GEN003');                                                                                                                
INSERT INTO CRM_REF_LOOKUP_DTL(CODE,DESCRIPTION,STATUS,HDR) VALUES ('APM001','NUMERIC','ACTIVE','APM001');                                                                                                                  
INSERT INTO CRM_REF_LOOKUP_DTL(CODE,DESCRIPTION,STATUS,HDR) VALUES ('CLSS001','CLASS1','ACTIVE','PRD001');                                                                                                                  
INSERT INTO CRM_REF_LOOKUP_DTL(CODE,DESCRIPTION,STATUS,HDR) VALUES ('CLSS002','CLASS2','ACTIVE','PRD001');                                                                                                                  
INSERT INTO CRM_REF_LOOKUP_DTL(CODE,DESCRIPTION,STATUS,HDR) VALUES ('CLSS003','CLASS3','ACTIVE','PRD001');                                                                                                                  
INSERT INTO CRM_REF_LOOKUP_DTL(CODE,DESCRIPTION,STATUS,HDR) VALUES ('SCLS001','SUBCLASS1','ACTIVE','PRD002');                                                                                                               
INSERT INTO CRM_REF_LOOKUP_DTL(CODE,DESCRIPTION,STATUS,HDR) VALUES ('SCLS002','SUBCLASS2','ACTIVE','PRD002');                                                                                                               
INSERT INTO CRM_REF_LOOKUP_DTL(CODE,DESCRIPTION,STATUS,HDR) VALUES ('SCLS003','SUBCLASS3','ACTIVE','PRD002');                                                                                                               
INSERT INTO CRM_REF_LOOKUP_DTL(CODE,DESCRIPTION,STATUS,HDR) VALUES ('SCLS004','SUBCLASS4','ACTIVE','PRD002');                                                                                                               
INSERT INTO CRM_REF_LOOKUP_DTL(CODE,DESCRIPTION,STATUS,HDR) VALUES ('EAPM001','PTYP001','ACTIVE','APM001');                                                                                                                 
INSERT INTO CRM_REF_LOOKUP_DTL(CODE,DESCRIPTION,STATUS,HDR) VALUES ('EAPM002','PTYP002','ACTIVE','APM001');                                                                                                                 
INSERT INTO CRM_REF_LOOKUP_DTL(CODE,DESCRIPTION,STATUS,HDR) VALUES ('EAPM003','PTYP005','ACTIVE','APM001');                                                                                                                 
INSERT INTO CRM_REF_LOOKUP_DTL(CODE,DESCRIPTION,STATUS,HDR) VALUES ('ECNF001','421408','ACTIVE','APM002');                                                                                                                  
INSERT INTO CRM_REF_LOOKUP_DTL(CODE,DESCRIPTION,STATUS,HDR) VALUES ('ECNF002','627891','ACTIVE','APM002');                                                                                                                  
INSERT INTO CRM_REF_LOOKUP_DTL(CODE,DESCRIPTION,STATUS,HDR) VALUES ('ECNF003','601900','ACTIVE','APM002');                                                                                                                  
INSERT INTO CRM_REF_LOOKUP_DTL(CODE,DESCRIPTION,STATUS,HDR) VALUES ('ECNF004','6*','ACTIVE','APM002');                                                                                                                      
INSERT INTO CRM_REF_LOOKUP_DTL(CODE,DESCRIPTION,STATUS,HDR) VALUES ('CGRP00A','RETAILER','ACTIVE','CMP001');                                                                                                                
INSERT INTO CRM_REF_LOOKUP_DTL(CODE,DESCRIPTION,STATUS,HDR) VALUES ('CGRP00B','TRADER','ACTIVE','CMP001');                                                                                                                  
INSERT INTO CRM_REF_LOOKUP_DTL(CODE,DESCRIPTION,STATUS,HDR) VALUES ('CGRP00C','HORECA','ACTIVE','CMP001');                                                                                                                  
INSERT INTO CRM_REF_LOOKUP_DTL(CODE,DESCRIPTION,STATUS,HDR) VALUES ('CGRP00D','SERVICES, COMPANY AND OFFICES','ACTIVE','CMP001');                                                                                           
INSERT INTO CRM_REF_LOOKUP_DTL(CODE,DESCRIPTION,STATUS,HDR) VALUES ('MOST001','DRAFTED','ACTIVE','LYT001');                                                                                                                 
INSERT INTO CRM_REF_LOOKUP_DTL(CODE,DESCRIPTION,STATUS,HDR) VALUES ('MOST002','FOR APPROVAL','ACTIVE','LYT001');                                                                                                            
INSERT INTO CRM_REF_LOOKUP_DTL(CODE,DESCRIPTION,STATUS,HDR) VALUES ('MOST003','APPROVED','ACTIVE','LYT001');                                                                                                                
INSERT INTO CRM_REF_LOOKUP_DTL(CODE,DESCRIPTION,STATUS,HDR) VALUES ('VEND001','VENDOR 1','ACTIVE','LYT002');                                                                                                                
INSERT INTO CRM_REF_LOOKUP_DTL(CODE,DESCRIPTION,STATUS,HDR) VALUES ('VEND002','VENDOR 2','ACTIVE','LYT002');                                                                                                                
INSERT INTO CRM_REF_LOOKUP_DTL(CODE,DESCRIPTION,STATUS,HDR) VALUES ('VEND003','VENDOR 3','ACTIVE','LYT002');                                                                                                                
INSERT INTO CRM_REF_LOOKUP_DTL(CODE,DESCRIPTION,STATUS,HDR) VALUES ('VEND004','VENDOR 4','ACTIVE','LYT002');                                                                                                                
INSERT INTO CRM_REF_LOOKUP_DTL(CODE,DESCRIPTION,STATUS,HDR) VALUES ('VEND005','VENDOR 5','ACTIVE','LYT002');                                                                                                                
INSERT INTO CRM_REF_LOOKUP_DTL(CODE,DESCRIPTION,STATUS,HDR) VALUES ('LINV001','RECEIVED','ACTIVE','LYT003');                                                                                                                
INSERT INTO CRM_REF_LOOKUP_DTL(CODE,DESCRIPTION,STATUS,HDR) VALUES ('LINV002','FOR ALLOCATION','ACTIVE','LYT003');                                                                                                          
INSERT INTO CRM_REF_LOOKUP_DTL(CODE,DESCRIPTION,STATUS,HDR) VALUES ('LINV003','APPROVED','ACTIVE','LYT003');                                                                                                                
INSERT INTO CRM_REF_LOOKUP_DTL(CODE,DESCRIPTION,STATUS,HDR) VALUES ('LINV004','IN TRANSIT','ACTIVE','LYT003');                                                                                                              
INSERT INTO CRM_REF_LOOKUP_DTL(CODE,DESCRIPTION,STATUS,HDR) VALUES ('LINV005','ACTIVE','ACTIVE','LYT003');                                                                                                                  
INSERT INTO CRM_REF_LOOKUP_DTL(CODE,DESCRIPTION,STATUS,HDR) VALUES ('LINV006','TRANSFER-IN','ACTIVE','LYT003');                                                                                                             
INSERT INTO CRM_REF_LOOKUP_DTL(CODE,DESCRIPTION,STATUS,HDR) VALUES ('LINV007','DISABLED','ACTIVE','LYT003');                                                                                                                
INSERT INTO CRM_REF_LOOKUP_DTL(CODE,DESCRIPTION,STATUS,HDR) VALUES ('INVT001','HEAD OFFICE','ACTIVE','INV001');                                                                                                             
INSERT INTO CRM_REF_LOOKUP_DTL(CODE,DESCRIPTION,STATUS,HDR) VALUES ('INVT002','LEBAK BULUS','ACTIVE','INV001');                                                                                                             
INSERT INTO CRM_REF_LOOKUP_DTL(CODE,DESCRIPTION,STATUS,HDR) VALUES ('INVT003','DENPASAR','ACTIVE','INV001');                                                                                                                
INSERT INTO CRM_REF_LOOKUP_DTL(CODE,DESCRIPTION,STATUS,HDR) VALUES ('INVT004','EXHIBIT','ACTIVE','INV001');                                                                                                                 
INSERT INTO CRM_REF_LOOKUP_DTL(CODE,DESCRIPTION,STATUS,HDR) VALUES ('EMPT001','PROBATIONARY ASSOCIATE','ACTIVE','EMP001');                                                                                                  
INSERT INTO CRM_REF_LOOKUP_DTL(CODE,DESCRIPTION,STATUS,HDR) VALUES ('CSEGC050','SUBSIDIZE APARTEMENT','ACTIVE','CMP002');                                                                                                   
INSERT INTO CRM_REF_LOOKUP_DTL(CODE,DESCRIPTION,STATUS,HDR) VALUES ('CSEGC051','PUBLIC BOARDING HOUSE','ACTIVE','CMP002');                                                                                                  
INSERT INTO CRM_REF_LOOKUP_DTL(CODE,DESCRIPTION,STATUS,HDR) VALUES ('CSEGC052','EMPLOYEE BOARDING HOUSE','ACTIVE','CMP002');                                                                                                
INSERT INTO CRM_REF_LOOKUP_DTL(CODE,DESCRIPTION,STATUS,HDR) VALUES ('CSEGC053','CAMPING GROUND','ACTIVE','CMP002');                                                                                                         
INSERT INTO CRM_REF_LOOKUP_DTL(CODE,DESCRIPTION,STATUS,HDR) VALUES ('CSEGC054','BAR/PUB','ACTIVE','CMP002');                                                                                                                
INSERT INTO CRM_REF_LOOKUP_DTL(CODE,DESCRIPTION,STATUS,HDR) VALUES ('CSEGC055','KARAOKE CHAIN','ACTIVE','CMP002');                                                                                                          
INSERT INTO CRM_REF_LOOKUP_DTL(CODE,DESCRIPTION,STATUS,HDR) VALUES ('CSEGC056','KARAOKE NON CHAIN','ACTIVE','CMP002');                                                                                                      
INSERT INTO CRM_REF_LOOKUP_DTL(CODE,DESCRIPTION,STATUS,HDR) VALUES ('CSEGC057','MID-HIGH CLASS DISCOTHIQUE/NIGHT CLUB','ACTIVE','CMP002');                                                                                  
INSERT INTO CRM_REF_LOOKUP_DTL(CODE,DESCRIPTION,STATUS,HDR) VALUES ('CSEGC058','LOW CLASS DISCOTHIQUE/NIGHT CLUB','ACTIVE','CMP002');                                                                                       
INSERT INTO CRM_REF_LOOKUP_DTL(CODE,DESCRIPTION,STATUS,HDR) VALUES ('CSEGC059','HIGH CLASS COFFEE AND TEA CAFÂ','ACTIVE','CMP002');                                                                                        
INSERT INTO CRM_REF_LOOKUP_DTL(CODE,DESCRIPTION,STATUS,HDR) VALUES ('CSEGC060','MID CLASS COFFEE AND TEA CAFÂ','ACTIVE','CMP002');                                                                                         
INSERT INTO CRM_REF_LOOKUP_DTL(CODE,DESCRIPTION,STATUS,HDR) VALUES ('CSEGC061','LOW CLASS COFFEE AND TEA CAFÂ','ACTIVE','CMP002');                                                                                         
INSERT INTO CRM_REF_LOOKUP_DTL(CODE,DESCRIPTION,STATUS,HDR) VALUES ('CSEGC062','ICE CREAM CAFÂ','ACTIVE','CMP002');                                                                                                        
INSERT INTO CRM_REF_LOOKUP_DTL(CODE,DESCRIPTION,STATUS,HDR) VALUES ('CSEGC063','HIGH CLASS BAKERY/CAKES SHOP','ACTIVE','CMP002');                                                                                           
INSERT INTO CRM_REF_LOOKUP_DTL(CODE,DESCRIPTION,STATUS,HDR) VALUES ('CSEGC064','MID CLASS BAKERY/CAKES SHOP','ACTIVE','CMP002');                                                                                            
INSERT INTO CRM_REF_LOOKUP_DTL(CODE,DESCRIPTION,STATUS,HDR) VALUES ('CSEGC065','STANDART CLASS BAKERY/CAKES SHOP','ACTIVE','CMP002');                                                                                       
INSERT INTO CRM_REF_LOOKUP_DTL(CODE,DESCRIPTION,STATUS,HDR) VALUES ('CSEGC066','LOW CLASS BAKERY/CAKES SHOP','ACTIVE','CMP002');                                                                                            
INSERT INTO CRM_REF_LOOKUP_DTL(CODE,DESCRIPTION,STATUS,HDR) VALUES ('CSEGC067','FOOD HOME INDUSTRI DRY SNACK','ACTIVE','CMP002');                                                                                           
INSERT INTO CRM_REF_LOOKUP_DTL(CODE,DESCRIPTION,STATUS,HDR) VALUES ('CSEGC068','FOOD HOME INDUSTRI BAKERY','ACTIVE','CMP002');                                                                                              
INSERT INTO CRM_REF_LOOKUP_DTL(CODE,DESCRIPTION,STATUS,HDR) VALUES ('CSEGC069','FOOD HOME INDUSTRI TRADITIONAL SNACK/FOOD','ACTIVE','CMP002');                                                                              
INSERT INTO CRM_REF_LOOKUP_DTL(CODE,DESCRIPTION,STATUS,HDR) VALUES ('CSEGC070','FOOD HOME INDUSTRI CONFECTIONARY','ACTIVE','CMP002');                                                                                       
INSERT INTO CRM_REF_LOOKUP_DTL(CODE,DESCRIPTION,STATUS,HDR) VALUES ('CSEGC071','INDONESIAN FOOD/SNACK STALL','ACTIVE','CMP002');                                                                                            
INSERT INTO CRM_REF_LOOKUP_DTL(CODE,DESCRIPTION,STATUS,HDR) VALUES ('CSEGC072','ASIAN FOOD/SNACK STALL','ACTIVE','CMP002');                                                                                                 
INSERT INTO CRM_REF_LOOKUP_DTL(CODE,DESCRIPTION,STATUS,HDR) VALUES ('CSEGC073','WESTERN FOOD/SNACK STALL','ACTIVE','CMP002');                                                                                               
INSERT INTO CRM_REF_LOOKUP_DTL(CODE,DESCRIPTION,STATUS,HDR) VALUES ('CSEGC074','INDONESIAN DRINK/BEVERAGES STALL','ACTIVE','CMP002');                                                                                       
INSERT INTO CRM_REF_LOOKUP_DTL(CODE,DESCRIPTION,STATUS,HDR) VALUES ('CSEGC075','ASIAN DRINK/BEVERAGES STALL','ACTIVE','CMP002');                                                                                            
INSERT INTO CRM_REF_LOOKUP_DTL(CODE,DESCRIPTION,STATUS,HDR) VALUES ('CSEGC076','WESTERN DRINK/BEVERAGES STALL','ACTIVE','CMP002');                                                                                          
INSERT INTO CRM_REF_LOOKUP_DTL(CODE,DESCRIPTION,STATUS,HDR) VALUES ('CSEGC077','INDONESIAN FAST FOOD STREET VENDOR','ACTIVE','CMP002');                                                                                     
INSERT INTO CRM_REF_LOOKUP_DTL(CODE,DESCRIPTION,STATUS,HDR) VALUES ('CSEGC078','ASIAN FAST FOOD STREET VENDOR','ACTIVE','CMP002');                                                                                          
INSERT INTO CRM_REF_LOOKUP_DTL(CODE,DESCRIPTION,STATUS,HDR) VALUES ('CSEGC079','MIDDLE EAST FAST FOOD STREET VENDOR','ACTIVE','CMP002');                                                                                    
INSERT INTO CRM_REF_LOOKUP_DTL(CODE,DESCRIPTION,STATUS,HDR) VALUES ('CSEGC080','WESTERN FAST FOOD STREET VENDOR','ACTIVE','CMP002');                                                                                        
INSERT INTO CRM_REF_LOOKUP_DTL(CODE,DESCRIPTION,STATUS,HDR) VALUES ('CSEGC081','INDONESIAN BEVERAGES STREET VENDOR','ACTIVE','CMP002');                                                                                     
INSERT INTO CRM_REF_LOOKUP_DTL(CODE,DESCRIPTION,STATUS,HDR) VALUES ('CSEGD001','GENERAL HOSPITAL','ACTIVE','CMP002');                                                                                                       
INSERT INTO CRM_REF_LOOKUP_DTL(CODE,DESCRIPTION,STATUS,HDR) VALUES ('CSEGD002','EYE HOSPITAL','ACTIVE','CMP002');                                                                                                           
INSERT INTO CRM_REF_LOOKUP_DTL(CODE,DESCRIPTION,STATUS,HDR) VALUES ('CSEGD003','THT HOSPITAL','ACTIVE','CMP002');                                                                                                           
INSERT INTO CRM_REF_LOOKUP_DTL(CODE,DESCRIPTION,STATUS,HDR) VALUES ('CSEGD004','MOMS AND KIDS','ACTIVE','CMP002');                                                                                                          
INSERT INTO CRM_REF_LOOKUP_DTL(CODE,DESCRIPTION,STATUS,HDR) VALUES ('CSEGD005','RSKO','ACTIVE','CMP002');                                                                                                                   
INSERT INTO CRM_REF_LOOKUP_DTL(CODE,DESCRIPTION,STATUS,HDR) VALUES ('CSEGD006','RSJ','ACTIVE','CMP002');                                                                                                                    
INSERT INTO CRM_REF_LOOKUP_DTL(CODE,DESCRIPTION,STATUS,HDR) VALUES ('CSEGD007','GENERAL CLINIC','ACTIVE','CMP002');                                                                                                         
INSERT INTO CRM_REF_LOOKUP_DTL(CODE,DESCRIPTION,STATUS,HDR) VALUES ('CSEGD008','MATERNITY CLINIC','ACTIVE','CMP002');                                                                                                       
INSERT INTO CRM_REF_LOOKUP_DTL(CODE,DESCRIPTION,STATUS,HDR) VALUES ('CSEGD009','DENTISTRY CLINIC','ACTIVE','CMP002');                                                                                                       
INSERT INTO CRM_REF_LOOKUP_DTL(CODE,DESCRIPTION,STATUS,HDR) VALUES ('CSEGD010','BEAUTY W/ DERMATOLOGIST CLINIC','ACTIVE','CMP002');                                                                                         
INSERT INTO CRM_REF_LOOKUP_DTL(CODE,DESCRIPTION,STATUS,HDR) VALUES ('CSEGD011','PRIVATE PRACTICE DENTIST','ACTIVE','CMP002');                                                                                               
INSERT INTO CRM_REF_LOOKUP_DTL(CODE,DESCRIPTION,STATUS,HDR) VALUES ('CSEGD012','PRIVATE PRACTICE DOCTOR','ACTIVE','CMP002');                                                                                                
INSERT INTO CRM_REF_LOOKUP_DTL(CODE,DESCRIPTION,STATUS,HDR) VALUES ('CSEGD013','NURSING HOME','ACTIVE','CMP002');                                                                                                           
INSERT INTO CRM_REF_LOOKUP_DTL(CODE,DESCRIPTION,STATUS,HDR) VALUES ('CSEGD014','OPRHANAGE','ACTIVE','CMP002');                                                                                                              
INSERT INTO CRM_REF_LOOKUP_DTL(CODE,DESCRIPTION,STATUS,HDR) VALUES ('CSEGD015','PARAMEDIC PROFESION','ACTIVE','CMP002');                                                                                                    
INSERT INTO CRM_REF_LOOKUP_DTL(CODE,DESCRIPTION,STATUS,HDR) VALUES ('CSEGD016','MEDICAL LABORATORY','ACTIVE','CMP002');                                                                                                     
INSERT INTO CRM_REF_LOOKUP_DTL(CODE,DESCRIPTION,STATUS,HDR) VALUES ('CSEGD017','SPORTS CENTRE','ACTIVE','CMP002');                                                                                                          
INSERT INTO CRM_REF_LOOKUP_DTL(CODE,DESCRIPTION,STATUS,HDR) VALUES ('CSEGD018','FOOTBALL/FUTSAL','ACTIVE','CMP002');                                                                                                        
INSERT INTO CRM_REF_LOOKUP_DTL(CODE,DESCRIPTION,STATUS,HDR) VALUES ('CSEGD019','BILYARD','ACTIVE','CMP002');                                                                                                                
INSERT INTO CRM_REF_LOOKUP_DTL(CODE,DESCRIPTION,STATUS,HDR) VALUES ('CSEGD020','BOWLING','ACTIVE','CMP002');                                                                                                                
INSERT INTO CRM_REF_LOOKUP_DTL(CODE,DESCRIPTION,STATUS,HDR) VALUES ('CSEGD021','SWIMMING POOL','ACTIVE','CMP002');                                                                                                          
INSERT INTO CRM_REF_LOOKUP_DTL(CODE,DESCRIPTION,STATUS,HDR) VALUES ('CSEGD022','GYM/FITNESS/AEROBIC','ACTIVE','CMP002');                                                                                                    
INSERT INTO CRM_REF_LOOKUP_DTL(CODE,DESCRIPTION,STATUS,HDR) VALUES ('CSEGD023','BEAUTY CARE AND SALON FOR WOMAN','ACTIVE','CMP002');                                                                                        
INSERT INTO CRM_REF_LOOKUP_DTL(CODE,DESCRIPTION,STATUS,HDR) VALUES ('CSEGD024','BEAUTY CARE AND SALON FOR WOMAN AND MAN','ACTIVE','CMP002');                                                                                
INSERT INTO CRM_REF_LOOKUP_DTL(CODE,DESCRIPTION,STATUS,HDR) VALUES ('CSEGD025','BARBERSHOP','ACTIVE','CMP002');                                                                                                             
INSERT INTO CRM_REF_LOOKUP_DTL(CODE,DESCRIPTION,STATUS,HDR) VALUES ('CSEGD026','SALON ONLY FOR KIDS','ACTIVE','CMP002');                                                                                                    
INSERT INTO CRM_REF_LOOKUP_DTL(CODE,DESCRIPTION,STATUS,HDR) VALUES ('CSEGD027','SALON FOR PETS','ACTIVE','CMP002');                                                                                                         
INSERT INTO CRM_REF_LOOKUP_DTL(CODE,DESCRIPTION,STATUS,HDR) VALUES ('CSEGD028','SPA RETREAT','ACTIVE','CMP002');                                                                                                            
INSERT INTO CRM_REF_LOOKUP_DTL(CODE,DESCRIPTION,STATUS,HDR) VALUES ('CSEGD029','SPECIALIZE SPA','ACTIVE','CMP002');                                                                                                         
INSERT INTO CRM_REF_LOOKUP_DTL(CODE,DESCRIPTION,STATUS,HDR) VALUES ('CSEGD030','MASSAGE AND REFLECTION STORE','ACTIVE','CMP002');                                                                                           
INSERT INTO CRM_REF_LOOKUP_DTL(CODE,DESCRIPTION,STATUS,HDR) VALUES ('CSEGD031','ZOO/SEAWORLD','ACTIVE','CMP002');                                                                                                           
INSERT INTO CRM_REF_LOOKUP_DTL(CODE,DESCRIPTION,STATUS,HDR) VALUES ('CSEGD032','AMUSEMENT PARK','ACTIVE','CMP002');                                                                                                         
INSERT INTO CRM_REF_LOOKUP_DTL(CODE,DESCRIPTION,STATUS,HDR) VALUES ('CSEGD033','EDUCATIONAL GARDEN','ACTIVE','CMP002');                                                                                                     
INSERT INTO CRM_REF_LOOKUP_DTL(CODE,DESCRIPTION,STATUS,HDR) VALUES ('CSEGD034','MUSEUM','ACTIVE','CMP002');                                                                                                                 
INSERT INTO CRM_REF_LOOKUP_DTL(CODE,DESCRIPTION,STATUS,HDR) VALUES ('CSEGD035','ART CENTRE','ACTIVE','CMP002');                                                                                                             
INSERT INTO CRM_REF_LOOKUP_DTL(CODE,DESCRIPTION,STATUS,HDR) VALUES ('CSEGD036','CINEMA/THEATER','ACTIVE','CMP002');                                                                                                         
INSERT INTO CRM_REF_LOOKUP_DTL(CODE,DESCRIPTION,STATUS,HDR) VALUES ('CSEGD037','CLEANING SERVICE AGENCY','ACTIVE','CMP002');                                                                                                
INSERT INTO CRM_REF_LOOKUP_DTL(CODE,DESCRIPTION,STATUS,HDR) VALUES ('CSEGD038','WASTE SERVICE AGENCY','ACTIVE','CMP002');                                                                                                   
INSERT INTO CRM_REF_LOOKUP_DTL(CODE,DESCRIPTION,STATUS,HDR) VALUES ('CSEGD039','CAR/MOTORCYCLE WASH','ACTIVE','CMP002');                                                                                                    
INSERT INTO CRM_REF_LOOKUP_DTL(CODE,DESCRIPTION,STATUS,HDR) VALUES ('CSEGD040','LAUNDRY','ACTIVE','CMP002');                                                                                                                
INSERT INTO CRM_REF_LOOKUP_DTL(CODE,DESCRIPTION,STATUS,HDR) VALUES ('CSEGD041','PEST CONTROL','ACTIVE','CMP002');                                                                                                           
INSERT INTO CRM_REF_LOOKUP_DTL(CODE,DESCRIPTION,STATUS,HDR) VALUES ('CSEGD042','POOL TAXI','ACTIVE','CMP002');                                                                                                              
INSERT INTO CRM_REF_LOOKUP_DTL(CODE,DESCRIPTION,STATUS,HDR) VALUES ('CSEGD043','CAR AND BUS TRAVEL','ACTIVE','CMP002');                                                                                                     
INSERT INTO CRM_REF_LOOKUP_DTL(CODE,DESCRIPTION,STATUS,HDR) VALUES ('CSEGD044','CAR AND BUS RENTAL','ACTIVE','CMP002');                                                                                                     
INSERT INTO CRM_REF_LOOKUP_DTL(CODE,DESCRIPTION,STATUS,HDR) VALUES ('CSEGD045','AIRPORT','ACTIVE','CMP002');                                                                                                                
INSERT INTO CRM_REF_LOOKUP_DTL(CODE,DESCRIPTION,STATUS,HDR) VALUES ('CSEGD046','TRAIN STATION','ACTIVE','CMP002');                                                                                                          
INSERT INTO CRM_REF_LOOKUP_DTL(CODE,DESCRIPTION,STATUS,HDR) VALUES ('CSEGD047','BUS TERMINAL','ACTIVE','CMP002');                                                                                                           
INSERT INTO CRM_REF_LOOKUP_DTL(CODE,DESCRIPTION,STATUS,HDR) VALUES ('CSEGD048','HARBOUR/PORT','ACTIVE','CMP002');                                                                                                           
INSERT INTO CRM_REF_LOOKUP_DTL(CODE,DESCRIPTION,STATUS,HDR) VALUES ('CSEGD049','PARKING SERVICE AGENCY','ACTIVE','CMP002');                                                                                                 
INSERT INTO CRM_REF_LOOKUP_DTL(CODE,DESCRIPTION,STATUS,HDR) VALUES ('CSEGD050','TOLLROAD','ACTIVE','CMP002');                                                                                                               
INSERT INTO CRM_REF_LOOKUP_DTL(CODE,DESCRIPTION,STATUS,HDR) VALUES ('CSEGD051','POST/COURIERS','ACTIVE','CMP002');                                                                                                          
INSERT INTO CRM_REF_LOOKUP_DTL(CODE,DESCRIPTION,STATUS,HDR) VALUES ('CSEGD052','COPY SHOP','ACTIVE','CMP002');                                                                                                              
INSERT INTO CRM_REF_LOOKUP_DTL(CODE,DESCRIPTION,STATUS,HDR) VALUES ('CSEGD053','PHOTO AND FRAME STUDIOS','ACTIVE','CMP002');                                                                                                
INSERT INTO CRM_REF_LOOKUP_DTL(CODE,DESCRIPTION,STATUS,HDR) VALUES ('CSEGD054','INTERNET/GAMES RENTAL','ACTIVE','CMP002');                                                                                                  
INSERT INTO CRM_REF_LOOKUP_DTL(CODE,DESCRIPTION,STATUS,HDR) VALUES ('CSEGD055','STORAGE/WAREHOUSE RENTAL','ACTIVE','CMP002');                                                                                               
INSERT INTO CRM_REF_LOOKUP_DTL(CODE,DESCRIPTION,STATUS,HDR) VALUES ('CSEGD056','STUDIOS MUSIC RENTAL AND INSTRUMENT RENTAL','ACTIVE','CMP002');                                                                             
INSERT INTO CRM_REF_LOOKUP_DTL(CODE,DESCRIPTION,STATUS,HDR) VALUES ('CSEGD057','EVENT/PARTY EQUIPMENT RENTAL','ACTIVE','CMP002');                                                                                           
INSERT INTO CRM_REF_LOOKUP_DTL(CODE,DESCRIPTION,STATUS,HDR) VALUES ('CSEGD058','DVD RENTAL','ACTIVE','CMP002');                                                                                                             
INSERT INTO CRM_REF_LOOKUP_DTL(CODE,DESCRIPTION,STATUS,HDR) VALUES ('CSEGD059','CAR MAINTENANCE','ACTIVE','CMP002');                                                                                                        
INSERT INTO CRM_REF_LOOKUP_DTL(CODE,DESCRIPTION,STATUS,HDR) VALUES ('CSEGD060','BIKE/MOTORCYCLE MAINTENANCE','ACTIVE','CMP002');                                                                                            
INSERT INTO CRM_REF_LOOKUP_DTL(CODE,DESCRIPTION,STATUS,HDR) VALUES ('CSEGD061','CAR AND MOTORCYCLE MAINTENANCE','ACTIVE','CMP002');                                                                                         
INSERT INTO CRM_REF_LOOKUP_DTL(CODE,DESCRIPTION,STATUS,HDR) VALUES ('CSEGD062','ELECTRONIC MAINTENANCE','ACTIVE','CMP002');                                                                                                 
INSERT INTO CRM_REF_LOOKUP_DTL(CODE,DESCRIPTION,STATUS,HDR) VALUES ('CSEGD063','ELECTRICIANS','ACTIVE','CMP002');                                                                                                           
INSERT INTO CRM_REF_LOOKUP_DTL(CODE,DESCRIPTION,STATUS,HDR) VALUES ('CSEGD064','GARDENERS','ACTIVE','CMP002');                                                                                                              
INSERT INTO CRM_REF_LOOKUP_DTL(CODE,DESCRIPTION,STATUS,HDR) VALUES ('CSEGD065','CARPENTERS','ACTIVE','CMP002');                                                                                                             
INSERT INTO CRM_REF_LOOKUP_DTL(CODE,DESCRIPTION,STATUS,HDR) VALUES ('CSEGD066','TAILORS','ACTIVE','CMP002');                                                                                                                
INSERT INTO CRM_REF_LOOKUP_DTL(CODE,DESCRIPTION,STATUS,HDR) VALUES ('CSEGD067','METAL WORKERS','ACTIVE','CMP002');                                                                                                          
INSERT INTO CRM_REF_LOOKUP_DTL(CODE,DESCRIPTION,STATUS,HDR) VALUES ('CSEGD068','DECORATOR','ACTIVE','CMP002');                                                                                                              
INSERT INTO CRM_REF_LOOKUP_DTL(CODE,DESCRIPTION,STATUS,HDR) VALUES ('CSEGD069','PLUMBER','ACTIVE','CMP002');                                                                                                                
INSERT INTO CRM_REF_LOOKUP_DTL(CODE,DESCRIPTION,STATUS,HDR) VALUES ('CSEGD070','ROOFER','ACTIVE','CMP002');                                                                                                                 
INSERT INTO CRM_REF_LOOKUP_DTL(CODE,DESCRIPTION,STATUS,HDR) VALUES ('CSEGD071','EDUCATION/SCIENCE INSTITUTIONS','ACTIVE','CMP002');                                                                                         
INSERT INTO CRM_REF_LOOKUP_DTL(CODE,DESCRIPTION,STATUS,HDR) VALUES ('CSEGD072','GOVERNMENT ADMINISTRATION INSTITUTIONS','ACTIVE','CMP002');                                                                                 
INSERT INTO CRM_REF_LOOKUP_DTL(CODE,DESCRIPTION,STATUS,HDR) VALUES ('CSEGD073','POLITICAL PARTIES','ACTIVE','CMP002');                                                                                                      
INSERT INTO CRM_REF_LOOKUP_DTL(CODE,DESCRIPTION,STATUS,HDR) VALUES ('CSEGD074','LIBRARY','ACTIVE','CMP002');                                                                                                                
INSERT INTO CRM_REF_LOOKUP_DTL(CODE,DESCRIPTION,STATUS,HDR) VALUES ('CSEGD075','EMBASSIES','ACTIVE','CMP002');                                                                                                              
INSERT INTO CRM_REF_LOOKUP_DTL(CODE,DESCRIPTION,STATUS,HDR) VALUES ('CSEGD076','ASSOSIATION/UNION','ACTIVE','CMP002');                                                                                                      
INSERT INTO CRM_REF_LOOKUP_DTL(CODE,DESCRIPTION,STATUS,HDR) VALUES ('CSEGD077','HOUSE OF WORSHIP WITH RELIGION FOUNDATION','ACTIVE','CMP002');                                                                              
INSERT INTO CRM_REF_LOOKUP_DTL(CODE,DESCRIPTION,STATUS,HDR) VALUES ('CSEGD078','POLICE','ACTIVE','CMP002');                                                                                                                 
INSERT INTO CRM_REF_LOOKUP_DTL(CODE,DESCRIPTION,STATUS,HDR) VALUES ('CSEGD079','MILITARY','ACTIVE','CMP002');                                                                                                               
INSERT INTO CRM_REF_LOOKUP_DTL(CODE,DESCRIPTION,STATUS,HDR) VALUES ('CSEGD080','NGO','ACTIVE','CMP002');                                                                                                                    
INSERT INTO CRM_REF_LOOKUP_DTL(CODE,DESCRIPTION,STATUS,HDR) VALUES ('CSEGD081','JAILS','ACTIVE','CMP002');                                                                                                                  
INSERT INTO CRM_REF_LOOKUP_DTL(CODE,DESCRIPTION,STATUS,HDR) VALUES ('CSEGD082','GENERAL OFFICES','ACTIVE','CMP002');                                                                                                        
INSERT INTO CRM_REF_LOOKUP_DTL(CODE,DESCRIPTION,STATUS,HDR) VALUES ('CSEGD083','BANK','ACTIVE','CMP002');                                                                                                                   
INSERT INTO CRM_REF_LOOKUP_DTL(CODE,DESCRIPTION,STATUS,HDR) VALUES ('CSEGD084','INSURANCE','ACTIVE','CMP002');                                                                                                              
INSERT INTO CRM_REF_LOOKUP_DTL(CODE,DESCRIPTION,STATUS,HDR) VALUES ('CSEGD085','CREDIT/LEASING','ACTIVE','CMP002');                                                                                                         
INSERT INTO CRM_REF_LOOKUP_DTL(CODE,DESCRIPTION,STATUS,HDR) VALUES ('CSEGD086','TELECOM/NETWORK','ACTIVE','CMP002');                                                                                                        
INSERT INTO CRM_REF_LOOKUP_DTL(CODE,DESCRIPTION,STATUS,HDR) VALUES ('CSEGD087','ISANDT','ACTIVE','CMP002');                                                                                                                 
INSERT INTO CRM_REF_LOOKUP_DTL(CODE,DESCRIPTION,STATUS,HDR) VALUES ('CSEGD088','PROPERTY AGENCY','ACTIVE','CMP002');                                                                                                        
INSERT INTO CRM_REF_LOOKUP_DTL(CODE,DESCRIPTION,STATUS,HDR) VALUES ('CSEGD089','TRAVEL AGENCY','ACTIVE','CMP002');                                                                                                          
INSERT INTO CRM_REF_LOOKUP_DTL(CODE,DESCRIPTION,STATUS,HDR) VALUES ('CSEGD090','LEGAL AGENCY','ACTIVE','CMP002');                                                                                                           
INSERT INTO CRM_REF_LOOKUP_DTL(CODE,DESCRIPTION,STATUS,HDR) VALUES ('CSEGD091','TALENT AGENCY','ACTIVE','CMP002');                                                                                                          
INSERT INTO CRM_REF_LOOKUP_DTL(CODE,DESCRIPTION,STATUS,HDR) VALUES ('CSEGD092','MARKET RESEARCH AGENCY','ACTIVE','CMP002');                                                                                                 
INSERT INTO CRM_REF_LOOKUP_DTL(CODE,DESCRIPTION,STATUS,HDR) VALUES ('CSEGD093','ADVERTISING AGENCY','ACTIVE','CMP002');                                                                                                     
INSERT INTO CRM_REF_LOOKUP_DTL(CODE,DESCRIPTION,STATUS,HDR) VALUES ('CSEGD094','OUTSOURCING AGENCY','ACTIVE','CMP002');                                                                                                     
INSERT INTO CRM_REF_LOOKUP_DTL(CODE,DESCRIPTION,STATUS,HDR) VALUES ('CSEGD095','MASS MEDIA','ACTIVE','CMP002');                                                                                                             
INSERT INTO CRM_REF_LOOKUP_DTL(CODE,DESCRIPTION,STATUS,HDR) VALUES ('CSEGD096','FOOD INDUSTRIES','ACTIVE','CMP002');                                                                                                        
INSERT INTO CRM_REF_LOOKUP_DTL(CODE,DESCRIPTION,STATUS,HDR) VALUES ('CSEGD097','NONFOOD INDUSTRIES','ACTIVE','CMP002');                                                                                                     
INSERT INTO CRM_REF_LOOKUP_DTL(CODE,DESCRIPTION,STATUS,HDR) VALUES ('CSEGD098','MINING INDUSTRIES','ACTIVE','CMP002');                                                                                                      
INSERT INTO CRM_REF_LOOKUP_DTL(CODE,DESCRIPTION,STATUS,HDR) VALUES ('CSEGD099','CIVIL WORK INDUSTRIES','ACTIVE','CMP002');                                                                                                  
INSERT INTO CRM_REF_LOOKUP_DTL(CODE,DESCRIPTION,STATUS,HDR) VALUES ('CSEGD100','OTHERS INDUSTRIES','ACTIVE','CMP002');                                                                                                      
INSERT INTO CRM_REF_LOOKUP_DTL(CODE,DESCRIPTION,STATUS,HDR) VALUES ('CSEGD101','PUBLIC TOILET','ACTIVE','CMP002');                                                                                                          
INSERT INTO CRM_REF_LOOKUP_DTL(CODE,DESCRIPTION,STATUS,HDR) VALUES ('BTTC001','9-12AM','ACTIVE','MEM024');                                                                                                                  
INSERT INTO CRM_REF_LOOKUP_DTL(CODE,DESCRIPTION,STATUS,HDR) VALUES ('BTTC002','2-5PM','ACTIVE','MEM024');                                                                                                                   
INSERT INTO CRM_REF_LOOKUP_DTL(CODE,DESCRIPTION,STATUS,HDR) VALUES ('BTTC003','6-9PM','ACTIVE','MEM024');                                                                                                                   
INSERT INTO CRM_REF_LOOKUP_DTL(CODE,DESCRIPTION,STATUS,HDR) VALUES ('SOCM001','FACEBOOK','ACTIVE','MEM025');                                                                                                                
INSERT INTO CRM_REF_LOOKUP_DTL(CODE,DESCRIPTION,STATUS,HDR) VALUES ('SOCM002','TWITTER','ACTIVE','MEM025');                                                                                                                 
INSERT INTO CRM_REF_LOOKUP_DTL(CODE,DESCRIPTION,STATUS,HDR) VALUES ('SOCM003','INSTAGRAM','ACTIVE','MEM025');                                                                                                               
INSERT INTO CRM_REF_LOOKUP_DTL(CODE,DESCRIPTION,STATUS,HDR) VALUES ('SOCM004','PINTEREST','ACTIVE','MEM025');                                                                                                               
INSERT INTO CRM_REF_LOOKUP_DTL(CODE,DESCRIPTION,STATUS,HDR) VALUES ('SOCM005','OTHERS','ACTIVE','MEM025');                                                                                                                  
INSERT INTO CRM_REF_LOOKUP_DTL(CODE,DESCRIPTION,STATUS,HDR) VALUES ('VISS001','HYPERMART','ACTIVE','MEM026');                                                                                                               
INSERT INTO CRM_REF_LOOKUP_DTL(CODE,DESCRIPTION,STATUS,HDR) VALUES ('VISS002','LOTTE MART','ACTIVE','MEM026');                                                                                                              
INSERT INTO CRM_REF_LOOKUP_DTL(CODE,DESCRIPTION,STATUS,HDR) VALUES ('VISS003','SUPERINDO','ACTIVE','MEM026');                                                                                                               
INSERT INTO CRM_REF_LOOKUP_DTL(CODE,DESCRIPTION,STATUS,HDR) VALUES ('VISS004','HERO','ACTIVE','MEM026');                                                                                                                    
INSERT INTO CRM_REF_LOOKUP_DTL(CODE,DESCRIPTION,STATUS,HDR) VALUES ('VISS005','RANCH MARKET','ACTIVE','MEM026');                                                                                                            
INSERT INTO CRM_REF_LOOKUP_DTL(CODE,DESCRIPTION,STATUS,HDR) VALUES ('VISS006','INDOMARET','ACTIVE','MEM026');                                                                                                               
INSERT INTO CRM_REF_LOOKUP_DTL(CODE,DESCRIPTION,STATUS,HDR) VALUES ('VISS007','ALFA MART','ACTIVE','MEM026');                                                                                                               
INSERT INTO CRM_REF_LOOKUP_DTL(CODE,DESCRIPTION,STATUS,HDR) VALUES ('VISS008','FOODHALL','ACTIVE','MEM026');                                                                                                                
INSERT INTO CRM_REF_LOOKUP_DTL(CODE,DESCRIPTION,STATUS,HDR) VALUES ('IACT001','TRAVELLING','ACTIVE','MEM027');                                                                                                              
INSERT INTO CRM_REF_LOOKUP_DTL(CODE,DESCRIPTION,STATUS,HDR) VALUES ('IACT002','MUSIC','ACTIVE','MEM027');                                                                                                                   
INSERT INTO CRM_REF_LOOKUP_DTL(CODE,DESCRIPTION,STATUS,HDR) VALUES ('IACT003','ELECTRONICS and GADGETS','ACTIVE','MEM027');
INSERT INTO CRM_REF_LOOKUP_DTL(CODE,DESCRIPTION,STATUS,HDR) VALUES ('IACT004','PET','ACTIVE','MEM027');                                                                                                                     
INSERT INTO CRM_REF_LOOKUP_DTL(CODE,DESCRIPTION,STATUS,HDR) VALUES ('IACT005','SPORT','ACTIVE','MEM027');                                                                                                                   
INSERT INTO CRM_REF_LOOKUP_DTL(CODE,DESCRIPTION,STATUS,HDR) VALUES ('IACT006','BIKE','ACTIVE','MEM027');                                                                                                                    
INSERT INTO CRM_REF_LOOKUP_DTL(CODE,DESCRIPTION,STATUS,HDR) VALUES ('IACT007','AUTOMOTIVE','ACTIVE','MEM027');                                                                                                              
INSERT INTO CRM_REF_LOOKUP_DTL(CODE,DESCRIPTION,STATUS,HDR) VALUES ('IACT008','PHOTOGRAPHY','ACTIVE','MEM027');                                                                                                             
INSERT INTO CRM_REF_LOOKUP_DTL(CODE,DESCRIPTION,STATUS,HDR) VALUES ('VEHO001','CAR','ACTIVE','MEM028');                                                                                                                     
INSERT INTO CRM_REF_LOOKUP_DTL(CODE,DESCRIPTION,STATUS,HDR) VALUES ('VEHO002','MOTORBIKE','ACTIVE','MEM028');                                                                                                               
INSERT INTO CRM_REF_LOOKUP_DTL(CODE,DESCRIPTION,STATUS,HDR) VALUES ('VEHO003','BICYCLE','ACTIVE','MEM028');                                                                                                                 
INSERT INTO CRM_REF_LOOKUP_DTL(CODE,DESCRIPTION,STATUS,HDR) VALUES ('RADI001','<1KM','ACTIVE','MEM029');                                                                                                                    
INSERT INTO CRM_REF_LOOKUP_DTL(CODE,DESCRIPTION,STATUS,HDR) VALUES ('RADI002','1-5KM','ACTIVE','MEM029');                                                                                                                   
INSERT INTO CRM_REF_LOOKUP_DTL(CODE,DESCRIPTION,STATUS,HDR) VALUES ('RADI003','>5KM','ACTIVE','MEM029');                                                                                                                    
INSERT INTO CRM_REF_LOOKUP_DTL(CODE,DESCRIPTION,STATUS,HDR) VALUES ('CADD001','BUSINESS ADDRESS','ACTIVE','MEM030');                                                                                                        
INSERT INTO CRM_REF_LOOKUP_DTL(CODE,DESCRIPTION,STATUS,HDR) VALUES ('CADD002','HOME ADDRESS','ACTIVE','MEM030');                                                                                                            
INSERT INTO CRM_REF_LOOKUP_DTL(CODE,DESCRIPTION,STATUS,HDR) VALUES ('INFO001','FRIENDS','ACTIVE','MEM031');                                                                                                                 
INSERT INTO CRM_REF_LOOKUP_DTL(CODE,DESCRIPTION,STATUS,HDR) VALUES ('INFO002','ADVERTISEMENTS','ACTIVE','MEM031');                                                                                                          
INSERT INTO CRM_REF_LOOKUP_DTL(CODE,DESCRIPTION,STATUS,HDR) VALUES ('INFO003','WEBSITE','ACTIVE','MEM031');                                                                                                                 
INSERT INTO CRM_REF_LOOKUP_DTL(CODE,DESCRIPTION,STATUS,HDR) VALUES ('INFO004','SOCIAL MEDIA','ACTIVE','MEM031');                                                                                                            
INSERT INTO CRM_REF_LOOKUP_DTL(CODE,DESCRIPTION,STATUS,HDR) VALUES ('INFO005','OTHERS','ACTIVE','MEM031');                                                                                                                  
INSERT INTO CRM_REF_LOOKUP_DTL(CODE,DESCRIPTION,STATUS,HDR) VALUES ('IPRD001','APPLIANCES (HANDPHONE, TV, REFRIGERATOR, AC, ETC.)','ACTIVE','MEM032');                                                                      
INSERT INTO CRM_REF_LOOKUP_DTL(CODE,DESCRIPTION,STATUS,HDR) VALUES ('IPRD002','FRESH (MEAT, FISH, FRUIT, VEGETABLES)','ACTIVE','MEM032');                                                                                   
INSERT INTO CRM_REF_LOOKUP_DTL(CODE,DESCRIPTION,STATUS,HDR) VALUES ('IPRD003','GROCERIES, FOOD, DRINK, MILK','ACTIVE','MEM032');                                                                                            
INSERT INTO CRM_REF_LOOKUP_DTL(CODE,DESCRIPTION,STATUS,HDR) VALUES ('IPRD004','TEXTILE','ACTIVE','MEM032');                                                                                                                 
INSERT INTO CRM_REF_LOOKUP_DTL(CODE,DESCRIPTION,STATUS,HDR) VALUES ('IPRD005','HOUSEHOLD','ACTIVE','MEM032');                                                                                                               
INSERT INTO CRM_REF_LOOKUP_DTL(CODE,DESCRIPTION,STATUS,HDR) VALUES ('EMPT002','PERMANENT ASSOCIATE','ACTIVE','EMP001');                                                                                                     
INSERT INTO CRM_REF_LOOKUP_DTL(CODE,DESCRIPTION,STATUS,HDR) VALUES ('EMPT003','CONTRACTED ASSOCIATED FULL-TIME','ACTIVE','EMP001');                                                                                         
INSERT INTO CRM_REF_LOOKUP_DTL(CODE,DESCRIPTION,STATUS,HDR) VALUES ('EMPT004','CONTRACTED ASSOCIATED PART-TIME','ACTIVE','EMP001');                                                                                         
INSERT INTO CRM_REF_LOOKUP_DTL(CODE,DESCRIPTION,STATUS,HDR) VALUES ('CSEGA001','SMALL TRADITIONAL TRADE/WARUNG','ACTIVE','CMP002');                                                                                         
INSERT INTO CRM_REF_LOOKUP_DTL(CODE,DESCRIPTION,STATUS,HDR) VALUES ('CSEGA002','MEDIUM TRADITIONAL TRADE/TOKO WITH DELIVERY','ACTIVE','CMP002');                                                                            
INSERT INTO CRM_REF_LOOKUP_DTL(CODE,DESCRIPTION,STATUS,HDR) VALUES ('CSEGA003','MEDIUM TRADITIONAL TRADE/TOKO NON DELIVERY','ACTIVE','CMP002');                                                                             
INSERT INTO CRM_REF_LOOKUP_DTL(CODE,DESCRIPTION,STATUS,HDR) VALUES ('CSEGA004','COOPERATION','ACTIVE','CMP002');                                                                                                            
INSERT INTO CRM_REF_LOOKUP_DTL(CODE,DESCRIPTION,STATUS,HDR) VALUES ('CSEGA005','KIOSK AT STREET MARKET','ACTIVE','CMP002');                                                                                                 
INSERT INTO CRM_REF_LOOKUP_DTL(CODE,DESCRIPTION,STATUS,HDR) VALUES ('CSEGA006','KIOSK AT TRAIN STATION','ACTIVE','CMP002');                                                                                                 
INSERT INTO CRM_REF_LOOKUP_DTL(CODE,DESCRIPTION,STATUS,HDR) VALUES ('CSEGA007','KIOSK AT BUS STATION','ACTIVE','CMP002');                                                                                                   
INSERT INTO CRM_REF_LOOKUP_DTL(CODE,DESCRIPTION,STATUS,HDR) VALUES ('CSEGA008','KIOSK AT AIRPORT','ACTIVE','CMP002');                                                                                                       
INSERT INTO CRM_REF_LOOKUP_DTL(CODE,DESCRIPTION,STATUS,HDR) VALUES ('CSEGA009','KIOSK AT HARBOUR/PORT','ACTIVE','CMP002');                                                                                                  
INSERT INTO CRM_REF_LOOKUP_DTL(CODE,DESCRIPTION,STATUS,HDR) VALUES ('CSEGA010','VEGETABLES STALL INSIDE THE MARKET','ACTIVE','CMP002');                                                                                     
INSERT INTO CRM_REF_LOOKUP_DTL(CODE,DESCRIPTION,STATUS,HDR) VALUES ('CSEGA011','VEGETABLES STALL/SHOP AT STREET MARKET','ACTIVE','CMP002');                                                                                 
INSERT INTO CRM_REF_LOOKUP_DTL(CODE,DESCRIPTION,STATUS,HDR) VALUES ('CSEGA012','FRUITS STALL INSIDE THE MARKET','ACTIVE','CMP002');                                                                                         
INSERT INTO CRM_REF_LOOKUP_DTL(CODE,DESCRIPTION,STATUS,HDR) VALUES ('CSEGA013','FRUITS STALL/SHOP AT STREET MARKET','ACTIVE','CMP002');                                                                                     
INSERT INTO CRM_REF_LOOKUP_DTL(CODE,DESCRIPTION,STATUS,HDR) VALUES ('CSEGA014','HALAL MEAT STALL','ACTIVE','CMP002');                                                                                                       
INSERT INTO CRM_REF_LOOKUP_DTL(CODE,DESCRIPTION,STATUS,HDR) VALUES ('CSEGA015','NON HALAL MEAT STALL','ACTIVE','CMP002');                                                                                                   
INSERT INTO CRM_REF_LOOKUP_DTL(CODE,DESCRIPTION,STATUS,HDR) VALUES ('CSEGA016','POULTRY STALL','ACTIVE','CMP002');                                                                                                          
INSERT INTO CRM_REF_LOOKUP_DTL(CODE,DESCRIPTION,STATUS,HDR) VALUES ('CSEGA017','FISH AND SEAFOOD STALL','ACTIVE','CMP002');                                                                                                 
INSERT INTO CRM_REF_LOOKUP_DTL(CODE,DESCRIPTION,STATUS,HDR) VALUES ('CSEGA018','PROCESSED MEAT/POULTRY/FISH STALL','ACTIVE','CMP002');                                                                                      
INSERT INTO CRM_REF_LOOKUP_DTL(CODE,DESCRIPTION,STATUS,HDR) VALUES ('CSEGA019','TOFU','ACTIVE','CMP002');                                                                                                                   
INSERT INTO CRM_REF_LOOKUP_DTL(CODE,DESCRIPTION,STATUS,HDR) VALUES ('CSEGA020','TRADITIONAL SNACK/BAKERY STALL','ACTIVE','CMP002');                                                                                         
INSERT INTO CRM_REF_LOOKUP_DTL(CODE,DESCRIPTION,STATUS,HDR) VALUES ('CSEGA021','BASIC STAPLES/COMMODITY SHOP','ACTIVE','CMP002');                                                                                           
INSERT INTO CRM_REF_LOOKUP_DTL(CODE,DESCRIPTION,STATUS,HDR) VALUES ('CSEGA022','ALCOHOLIC BEVERAGES SHOP','ACTIVE','CMP002');                                                                                               
INSERT INTO CRM_REF_LOOKUP_DTL(CODE,DESCRIPTION,STATUS,HDR) VALUES ('CSEGA023','NON ALCOHOLIC BEVERAGES SHOP','ACTIVE','CMP002');                                                                                           
INSERT INTO CRM_REF_LOOKUP_DTL(CODE,DESCRIPTION,STATUS,HDR) VALUES ('CSEGA024','BEVERAGES SHOP','ACTIVE','CMP002');                                                                                                         
INSERT INTO CRM_REF_LOOKUP_DTL(CODE,DESCRIPTION,STATUS,HDR) VALUES ('CSEGA025','BAKERY/CAKES/TRADITIONAL SNACK INGREDIENTS SHOP','ACTIVE','CMP002');                                                                        
INSERT INTO CRM_REF_LOOKUP_DTL(CODE,DESCRIPTION,STATUS,HDR) VALUES ('CSEGA026','MILK SHOP','ACTIVE','CMP002');                                                                                                              
INSERT INTO CRM_REF_LOOKUP_DTL(CODE,DESCRIPTION,STATUS,HDR) VALUES ('CSEGA027','DRYSNACK SHOP','ACTIVE','CMP002');                                                                                                          
INSERT INTO CRM_REF_LOOKUP_DTL(CODE,DESCRIPTION,STATUS,HDR) VALUES ('CSEGA028','SPICES SHOP','ACTIVE','CMP002');                                                                                                            
INSERT INTO CRM_REF_LOOKUP_DTL(CODE,DESCRIPTION,STATUS,HDR) VALUES ('CSEGA029','EGGS SHOP','ACTIVE','CMP002');                                                                                                              
INSERT INTO CRM_REF_LOOKUP_DTL(CODE,DESCRIPTION,STATUS,HDR) VALUES ('CSEGA030','RICE SHOP','ACTIVE','CMP002');                                                                                                              
INSERT INTO CRM_REF_LOOKUP_DTL(CODE,DESCRIPTION,STATUS,HDR) VALUES ('CSEGA031','FRUITS AND VEGETABLES DIRECT SUPPLIER','ACTIVE','CMP002');                                                                                  
INSERT INTO CRM_REF_LOOKUP_DTL(CODE,DESCRIPTION,STATUS,HDR) VALUES ('CSEGA032','MEAT AND POULTRY DIRECT SUPPLIER','ACTIVE','CMP002');                                                                                       
INSERT INTO CRM_REF_LOOKUP_DTL(CODE,DESCRIPTION,STATUS,HDR) VALUES ('CSEGA033','FISH AND SEAFOOD DIRECT SUPPLIER','ACTIVE','CMP002');                                                                                       
INSERT INTO CRM_REF_LOOKUP_DTL(CODE,DESCRIPTION,STATUS,HDR) VALUES ('CSEGA034','SMALL ELECTRONIC/WATCH/CLOCK SHOP','ACTIVE','CMP002');                                                                                      
INSERT INTO CRM_REF_LOOKUP_DTL(CODE,DESCRIPTION,STATUS,HDR) VALUES ('CSEGA035','BIG ELECTRONIC SHOP','ACTIVE','CMP002');                                                                                                    
INSERT INTO CRM_REF_LOOKUP_DTL(CODE,DESCRIPTION,STATUS,HDR) VALUES ('CSEGA036','MOBILE PHONE/TABLET SHOP AND PHONE ACCESORIS','ACTIVE','CMP002');                                                                           
INSERT INTO CRM_REF_LOOKUP_DTL(CODE,DESCRIPTION,STATUS,HDR) VALUES ('CSEGA037','COMPUTER','ACTIVE','CMP002');                                                                                                               
INSERT INTO CRM_REF_LOOKUP_DTL(CODE,DESCRIPTION,STATUS,HDR) VALUES ('CSEGA038','PULSA/ CREDIT FOR MOBILE PHONE SHOP','ACTIVE','CMP002');                                                                                    
INSERT INTO CRM_REF_LOOKUP_DTL(CODE,DESCRIPTION,STATUS,HDR) VALUES ('CSEGA039','DIY/IRONWARE/METALL SHOP','ACTIVE','CMP002');                                                                                               
INSERT INTO CRM_REF_LOOKUP_DTL(CODE,DESCRIPTION,STATUS,HDR) VALUES ('CSEGA040','BUILDING MATERIAL SHOP','ACTIVE','CMP002');                                                                                                 
INSERT INTO CRM_REF_LOOKUP_DTL(CODE,DESCRIPTION,STATUS,HDR) VALUES ('CSEGA041','FURNITURE/INTERIOR/ART SHOP','ACTIVE','CMP002');                                                                                            
INSERT INTO CRM_REF_LOOKUP_DTL(CODE,DESCRIPTION,STATUS,HDR) VALUES ('CSEGA042','HARDWARE/HOUSEHOLD SHOP','ACTIVE','CMP002');                                                                                                
INSERT INTO CRM_REF_LOOKUP_DTL(CODE,DESCRIPTION,STATUS,HDR) VALUES ('CSEGA043','BABY SHOP','ACTIVE','CMP002');                                                                                                              
INSERT INTO CRM_REF_LOOKUP_DTL(CODE,DESCRIPTION,STATUS,HDR) VALUES ('CSEGA044','GORDYN/CARPET SHOP','ACTIVE','CMP002');                                                                                                     
INSERT INTO CRM_REF_LOOKUP_DTL(CODE,DESCRIPTION,STATUS,HDR) VALUES ('CSEGA045','TEXTILE AND GARMENT SHOP','ACTIVE','CMP002');                                                                                               
INSERT INTO CRM_REF_LOOKUP_DTL(CODE,DESCRIPTION,STATUS,HDR) VALUES ('CSEGA046','BAGS AND SHOES SHOP','ACTIVE','CMP002');                                                                                                    
INSERT INTO CRM_REF_LOOKUP_DTL(CODE,DESCRIPTION,STATUS,HDR) VALUES ('CSEGA047','VEHICLES/CAR/MOTORBIKE DEALER AND SHOWROOM','ACTIVE','CMP002');                                                                             
INSERT INTO CRM_REF_LOOKUP_DTL(CODE,DESCRIPTION,STATUS,HDR) VALUES ('CSEGA048','VEHICLES/CAR/MOTORBIKE SPAREPART AND ACCESORIES SHOP','ACTIVE','CMP002');                                                                   
INSERT INTO CRM_REF_LOOKUP_DTL(CODE,DESCRIPTION,STATUS,HDR) VALUES ('CSEGA049','SPORT AND HOBBIES SHOP','ACTIVE','CMP002');                                                                                                 
INSERT INTO CRM_REF_LOOKUP_DTL(CODE,DESCRIPTION,STATUS,HDR) VALUES ('CSEGA050','MUSIC AND CD SHOP','ACTIVE','CMP002');                                                                                                      
INSERT INTO CRM_REF_LOOKUP_DTL(CODE,DESCRIPTION,STATUS,HDR) VALUES ('CSEGA051','TOYS SHOP','ACTIVE','CMP002');                                                                                                              
INSERT INTO CRM_REF_LOOKUP_DTL(CODE,DESCRIPTION,STATUS,HDR) VALUES ('CSEGA052','JEWELLERY (PURE AND IMITATION)AND WOMAN ACCECORIS','ACTIVE','CMP002');                                                                      
INSERT INTO CRM_REF_LOOKUP_DTL(CODE,DESCRIPTION,STATUS,HDR) VALUES ('CSEGA053','OPTICAL','ACTIVE','CMP002');                                                                                                                
INSERT INTO CRM_REF_LOOKUP_DTL(CODE,DESCRIPTION,STATUS,HDR) VALUES ('CSEGA054','FARMACIEST/DRUG STORE/HERBAL','ACTIVE','CMP002');                                                                                           
INSERT INTO CRM_REF_LOOKUP_DTL(CODE,DESCRIPTION,STATUS,HDR) VALUES ('CSEGA055','COSMETIC','ACTIVE','CMP002');                                                                                                               
INSERT INTO CRM_REF_LOOKUP_DTL(CODE,DESCRIPTION,STATUS,HDR) VALUES ('CSEGA056','PACKAGING AND PARTY SUPPLIES SHOP','ACTIVE','CMP002');                                                                                      
INSERT INTO CRM_REF_LOOKUP_DTL(CODE,DESCRIPTION,STATUS,HDR) VALUES ('CSEGA057','BOOKS STATIONARY AND GIFT SHOP','ACTIVE','CMP002');                                                                                         
INSERT INTO CRM_REF_LOOKUP_DTL(CODE,DESCRIPTION,STATUS,HDR) VALUES ('CSEGA058','FRESH FLOWER SHOP','ACTIVE','CMP002');                                                                                                      
INSERT INTO CRM_REF_LOOKUP_DTL(CODE,DESCRIPTION,STATUS,HDR) VALUES ('CSEGA059','CHEMICAL','ACTIVE','CMP002');                                                                                                               
INSERT INTO CRM_REF_LOOKUP_DTL(CODE,DESCRIPTION,STATUS,HDR) VALUES ('CSEGA060','GARDENING','ACTIVE','CMP002');                                                                                                              
INSERT INTO CRM_REF_LOOKUP_DTL(CODE,DESCRIPTION,STATUS,HDR) VALUES ('CSEGA061','GAS ELPIJI AGENT','ACTIVE','CMP002');                                                                                                       
INSERT INTO CRM_REF_LOOKUP_DTL(CODE,DESCRIPTION,STATUS,HDR) VALUES ('CSEGA062','PETS SUPPLIES SHOP','ACTIVE','CMP002');                                                                                                     
INSERT INTO CRM_REF_LOOKUP_DTL(CODE,DESCRIPTION,STATUS,HDR) VALUES ('CSEGA063','OTHERS NONFOOD','ACTIVE','CMP002');                                                                                                         
INSERT INTO CRM_REF_LOOKUP_DTL(CODE,DESCRIPTION,STATUS,HDR) VALUES ('CSEGA064','MINIMARKET NON CHAIN/INDIVIDUAL','ACTIVE','CMP002');                                                                                        
INSERT INTO CRM_REF_LOOKUP_DTL(CODE,DESCRIPTION,STATUS,HDR) VALUES ('CSEGA065','SUPERMARKET NON CHAIN/INDIVIDUAL','ACTIVE','CMP002');                                                                                       
INSERT INTO CRM_REF_LOOKUP_DTL(CODE,DESCRIPTION,STATUS,HDR) VALUES ('CSEGA066','HEALTH/HOSPITAL  EQUIPMENTS','ACTIVE','CMP002');                                                                                            
INSERT INTO CRM_REF_LOOKUP_DTL(CODE,DESCRIPTION,STATUS,HDR) VALUES ('CSEGB001','HALAL MEAT WHOLESALER','ACTIVE','CMP002');                                                                                                  
INSERT INTO CRM_REF_LOOKUP_DTL(CODE,DESCRIPTION,STATUS,HDR) VALUES ('CSEGB002','NON HALAL MEAT WHOLESALER','ACTIVE','CMP002');                                                                                              
INSERT INTO CRM_REF_LOOKUP_DTL(CODE,DESCRIPTION,STATUS,HDR) VALUES ('CSEGB003','POULTRY WHOLESALER','ACTIVE','CMP002');                                                                                                     
INSERT INTO CRM_REF_LOOKUP_DTL(CODE,DESCRIPTION,STATUS,HDR) VALUES ('CSEGB004','FISH AND SEAFOOD WHOLESALER','ACTIVE','CMP002');                                                                                            
INSERT INTO CRM_REF_LOOKUP_DTL(CODE,DESCRIPTION,STATUS,HDR) VALUES ('CSEGB005','FROZEN FOOD AND DAIRY PRODUCT WHOLESALER','ACTIVE','CMP002');                                                                               
INSERT INTO CRM_REF_LOOKUP_DTL(CODE,DESCRIPTION,STATUS,HDR) VALUES ('CSEGB006','GENERALIST TRADER','ACTIVE','CMP002');                                                                                                      
INSERT INTO CRM_REF_LOOKUP_DTL(CODE,DESCRIPTION,STATUS,HDR) VALUES ('CSEGB007','STAPLES / COMMODITY WHOLESALER','ACTIVE','CMP002');                                                                                         
INSERT INTO CRM_REF_LOOKUP_DTL(CODE,DESCRIPTION,STATUS,HDR) VALUES ('CSEGB008','CIGARETTES WHOLESALER','ACTIVE','CMP002');                                                                                                  
INSERT INTO CRM_REF_LOOKUP_DTL(CODE,DESCRIPTION,STATUS,HDR) VALUES ('CSEGB009','DRY SNACK WHOLESALER','ACTIVE','CMP002');                                                                                                   
INSERT INTO CRM_REF_LOOKUP_DTL(CODE,DESCRIPTION,STATUS,HDR) VALUES ('CSEGB010','BAKERY/TRAD SNACK/CAKES INGREDIENTS WHOLESALER','ACTIVE','CMP002');                                                                         
INSERT INTO CRM_REF_LOOKUP_DTL(CODE,DESCRIPTION,STATUS,HDR) VALUES ('CSEGB011','ALCOHOL AND NON ALCOHOL BEVERAGEES WHOLESALER','ACTIVE','CMP002');                                                                          
INSERT INTO CRM_REF_LOOKUP_DTL(CODE,DESCRIPTION,STATUS,HDR) VALUES ('CSEGB012','ALCOHOL BEVERAGES WHOLESALER','ACTIVE','CMP002');                                                                                           
INSERT INTO CRM_REF_LOOKUP_DTL(CODE,DESCRIPTION,STATUS,HDR) VALUES ('CSEGB013','NON ALCOHOL BEVERAGES WHOLESALER','ACTIVE','CMP002');                                                                                       
INSERT INTO CRM_REF_LOOKUP_DTL(CODE,DESCRIPTION,STATUS,HDR) VALUES ('CSEGB014','PACKAGING','ACTIVE','CMP002');                                                                                                              
INSERT INTO CRM_REF_LOOKUP_DTL(CODE,DESCRIPTION,STATUS,HDR) VALUES ('CSEGB015','COSMETIC','ACTIVE','CMP002');                                                                                                               
INSERT INTO CRM_REF_LOOKUP_DTL(CODE,DESCRIPTION,STATUS,HDR) VALUES ('CSEGB016','CLEANING PRODUCT WHOLESALER','ACTIVE','CMP002');                                                                                            
INSERT INTO CRM_REF_LOOKUP_DTL(CODE,DESCRIPTION,STATUS,HDR) VALUES ('CSEGB017','BOOKS AND STATIONARY WHOLESALER','ACTIVE','CMP002');                                                                                        
INSERT INTO CRM_REF_LOOKUP_DTL(CODE,DESCRIPTION,STATUS,HDR) VALUES ('CSEGB018','HORECA NONFOOD EQUIPMENT WHOLESALER','ACTIVE','CMP002');                                                                                    
INSERT INTO CRM_REF_LOOKUP_DTL(CODE,DESCRIPTION,STATUS,HDR) VALUES ('CSEGB019','PLASTIC HOUSEHOLD WHOLESALER','ACTIVE','CMP002');                                                                                           
INSERT INTO CRM_REF_LOOKUP_DTL(CODE,DESCRIPTION,STATUS,HDR) VALUES ('CSEGB020','COMPUTER','ACTIVE','CMP002');                                                                                                               
INSERT INTO CRM_REF_LOOKUP_DTL(CODE,DESCRIPTION,STATUS,HDR) VALUES ('CSEGB021','AUTOMOTIVE WHOLESALER','ACTIVE','CMP002');                                                                                                  
INSERT INTO CRM_REF_LOOKUP_DTL(CODE,DESCRIPTION,STATUS,HDR) VALUES ('CSEGB022','OTHERS WHOLESALER','ACTIVE','CMP002');                                                                                                      
INSERT INTO CRM_REF_LOOKUP_DTL(CODE,DESCRIPTION,STATUS,HDR) VALUES ('CSEGC001','MEDIUM - HIGH CLASS INDONESIAN RESTO','ACTIVE','CMP002');                                                                                   
INSERT INTO CRM_REF_LOOKUP_DTL(CODE,DESCRIPTION,STATUS,HDR) VALUES ('CSEGC002','STANDART CLASS INDONESIAN RESTO','ACTIVE','CMP002');                                                                                        
INSERT INTO CRM_REF_LOOKUP_DTL(CODE,DESCRIPTION,STATUS,HDR) VALUES ('CSEGC003','LOW CLASS INDONESIAN RESTO','ACTIVE','CMP002');                                                                                             
INSERT INTO CRM_REF_LOOKUP_DTL(CODE,DESCRIPTION,STATUS,HDR) VALUES ('CSEGC004','CHINESEE RESTO','ACTIVE','CMP002');                                                                                                         
INSERT INTO CRM_REF_LOOKUP_DTL(CODE,DESCRIPTION,STATUS,HDR) VALUES ('CSEGC005','KOREAN RESTO','ACTIVE','CMP002');                                                                                                           
INSERT INTO CRM_REF_LOOKUP_DTL(CODE,DESCRIPTION,STATUS,HDR) VALUES ('CSEGC006','JAPANESSEE RESTO','ACTIVE','CMP002');                                                                                                       
INSERT INTO CRM_REF_LOOKUP_DTL(CODE,DESCRIPTION,STATUS,HDR) VALUES ('CSEGC007','THAILAND RESTO','ACTIVE','CMP002');                                                                                                         
INSERT INTO CRM_REF_LOOKUP_DTL(CODE,DESCRIPTION,STATUS,HDR) VALUES ('CSEGC008','MALAYSIAN RESTO','ACTIVE','CMP002');                                                                                                        
INSERT INTO CRM_REF_LOOKUP_DTL(CODE,DESCRIPTION,STATUS,HDR) VALUES ('CSEGC009','SINGAPOREAN RESTO','ACTIVE','CMP002');                                                                                                      
INSERT INTO CRM_REF_LOOKUP_DTL(CODE,DESCRIPTION,STATUS,HDR) VALUES ('CSEGC010','VIETNAMESSEE RESTO','ACTIVE','CMP002');                                                                                                     
INSERT INTO CRM_REF_LOOKUP_DTL(CODE,DESCRIPTION,STATUS,HDR) VALUES ('CSEGC011','INDIAN AND PAKISTAN RESTO','ACTIVE','CMP002');                                                                                              
INSERT INTO CRM_REF_LOOKUP_DTL(CODE,DESCRIPTION,STATUS,HDR) VALUES ('CSEGC012','MIX ASIAN RESTO','ACTIVE','CMP002');                                                                                                        
INSERT INTO CRM_REF_LOOKUP_DTL(CODE,DESCRIPTION,STATUS,HDR) VALUES ('CSEGC013','OTHER ASIAN RESTO','ACTIVE','CMP002');                                                                                                      
INSERT INTO CRM_REF_LOOKUP_DTL(CODE,DESCRIPTION,STATUS,HDR) VALUES ('CSEGC014','MIX MIDDLE _EAST FOOD','ACTIVE','CMP002');                                                                                                  
INSERT INTO CRM_REF_LOOKUP_DTL(CODE,DESCRIPTION,STATUS,HDR) VALUES ('CSEGC015','ITALIAN RESTO','ACTIVE','CMP002');                                                                                                          
INSERT INTO CRM_REF_LOOKUP_DTL(CODE,DESCRIPTION,STATUS,HDR) VALUES ('CSEGC016','AMERICAN RESTO','ACTIVE','CMP002');                                                                                                         
INSERT INTO CRM_REF_LOOKUP_DTL(CODE,DESCRIPTION,STATUS,HDR) VALUES ('CSEGC017','FRENCH RESTO','ACTIVE','CMP002');                                                                                                           
INSERT INTO CRM_REF_LOOKUP_DTL(CODE,DESCRIPTION,STATUS,HDR) VALUES ('CSEGC018','MIX WESTERN RESTO','ACTIVE','CMP002');                                                                                                      
INSERT INTO CRM_REF_LOOKUP_DTL(CODE,DESCRIPTION,STATUS,HDR) VALUES ('CSEGC019','OTHER WESTERN RESTO','ACTIVE','CMP002');                                                                                                    
INSERT INTO CRM_REF_LOOKUP_DTL(CODE,DESCRIPTION,STATUS,HDR) VALUES ('CSEGC020','VEGETARIAN AND DIET RESTO','ACTIVE','CMP002');                                                                                              
INSERT INTO CRM_REF_LOOKUP_DTL(CODE,DESCRIPTION,STATUS,HDR) VALUES ('CSEGC021','ORGANIC FOOD RESTO','ACTIVE','CMP002');                                                                                                     
INSERT INTO CRM_REF_LOOKUP_DTL(CODE,DESCRIPTION,STATUS,HDR) VALUES ('CSEGC022','SEAFOOD RESTO','ACTIVE','CMP002');                                                                                                          
INSERT INTO CRM_REF_LOOKUP_DTL(CODE,DESCRIPTION,STATUS,HDR) VALUES ('CSEGC023','INTERNATIONAL RESTO','ACTIVE','CMP002');                                                                                                    
INSERT INTO CRM_REF_LOOKUP_DTL(CODE,DESCRIPTION,STATUS,HDR) VALUES ('CSEGC024','BISTRO','ACTIVE','CMP002');                                                                                                                 
INSERT INTO CRM_REF_LOOKUP_DTL(CODE,DESCRIPTION,STATUS,HDR) VALUES ('CSEGC025','GENERAL CATERERS','ACTIVE','CMP002');                                                                                                       
INSERT INTO CRM_REF_LOOKUP_DTL(CODE,DESCRIPTION,STATUS,HDR) VALUES ('CSEGC026','HOME PARTY SPECIALIST CATERERS','ACTIVE','CMP002');                                                                                         
INSERT INTO CRM_REF_LOOKUP_DTL(CODE,DESCRIPTION,STATUS,HDR) VALUES ('CSEGC027','ALL PARTY/EVENT CATERERS','ACTIVE','CMP002');                                                                                               
INSERT INTO CRM_REF_LOOKUP_DTL(CODE,DESCRIPTION,STATUS,HDR) VALUES ('CSEGC028','OFFICES AND INDUSTRI CATERERS','ACTIVE','CMP002');                                                                                          
INSERT INTO CRM_REF_LOOKUP_DTL(CODE,DESCRIPTION,STATUS,HDR) VALUES ('CSEGC029','INDUSTRI SPECIALIST CATERERS','ACTIVE','CMP002');                                                                                           
INSERT INTO CRM_REF_LOOKUP_DTL(CODE,DESCRIPTION,STATUS,HDR) VALUES ('CSEGC030','TRANSPORTATION CATERERS','ACTIVE','CMP002');                                                                                                
INSERT INTO CRM_REF_LOOKUP_DTL(CODE,DESCRIPTION,STATUS,HDR) VALUES ('CSEGC031','VEGETARIAN AND DIETARY CATERERS','ACTIVE','CMP002');                                                                                        
INSERT INTO CRM_REF_LOOKUP_DTL(CODE,DESCRIPTION,STATUS,HDR) VALUES ('CSEGC032','HOSPITAL AND NURSERY CANTEEN','ACTIVE','CMP002');                                                                                           
INSERT INTO CRM_REF_LOOKUP_DTL(CODE,DESCRIPTION,STATUS,HDR) VALUES ('CSEGC033','INDUSTRY AND OFFICES CANTEEN','ACTIVE','CMP002');                                                                                           
INSERT INTO CRM_REF_LOOKUP_DTL(CODE,DESCRIPTION,STATUS,HDR) VALUES ('CSEGC034','EDUCATION AND SCIENCE CANTEEN','ACTIVE','CMP002');                                                                                          
INSERT INTO CRM_REF_LOOKUP_DTL(CODE,DESCRIPTION,STATUS,HDR) VALUES ('CSEGC035','OTHERS CANTEEN','ACTIVE','CMP002');                                                                                                         
INSERT INTO CRM_REF_LOOKUP_DTL(CODE,DESCRIPTION,STATUS,HDR) VALUES ('CSEGC036','INDONESIAN FASTFOOD CHAIN','ACTIVE','CMP002');                                                                                              
INSERT INTO CRM_REF_LOOKUP_DTL(CODE,DESCRIPTION,STATUS,HDR) VALUES ('CSEGC037','INDONESIAN FASTFOOD NON CHAIN','ACTIVE','CMP002');                                                                                          
INSERT INTO CRM_REF_LOOKUP_DTL(CODE,DESCRIPTION,STATUS,HDR) VALUES ('CSEGC038','ASIAN FASTFOOD CHAIN','ACTIVE','CMP002');                                                                                                   
INSERT INTO CRM_REF_LOOKUP_DTL(CODE,DESCRIPTION,STATUS,HDR) VALUES ('CSEGC039','ASIAN FASTFOOD NON CHAIN','ACTIVE','CMP002');                                                                                               
INSERT INTO CRM_REF_LOOKUP_DTL(CODE,DESCRIPTION,STATUS,HDR) VALUES ('CSEGC040','MIDDLE-EAST FASTFOOD','ACTIVE','CMP002');                                                                                                   
INSERT INTO CRM_REF_LOOKUP_DTL(CODE,DESCRIPTION,STATUS,HDR) VALUES ('CSEGC041','WESTERN FASTFOOD CHAIN','ACTIVE','CMP002');                                                                                                 
INSERT INTO CRM_REF_LOOKUP_DTL(CODE,DESCRIPTION,STATUS,HDR) VALUES ('CSEGC042','WESTERN FASTFOOD NON CHAIN','ACTIVE','CMP002');                                                                                             
INSERT INTO CRM_REF_LOOKUP_DTL(CODE,DESCRIPTION,STATUS,HDR) VALUES ('CSEGC043','HOTEL 5-6*','ACTIVE','CMP002');                                                                                                             
INSERT INTO CRM_REF_LOOKUP_DTL(CODE,DESCRIPTION,STATUS,HDR) VALUES ('CSEGC044','HOTEL 4*','ACTIVE','CMP002');                                                                                                               
INSERT INTO CRM_REF_LOOKUP_DTL(CODE,DESCRIPTION,STATUS,HDR) VALUES ('CSEGC045','HOTEL 3*','ACTIVE','CMP002');                                                                                                               
INSERT INTO CRM_REF_LOOKUP_DTL(CODE,DESCRIPTION,STATUS,HDR) VALUES ('CSEGC046','HOTEL 2*','ACTIVE','CMP002');                                                                                                               
INSERT INTO CRM_REF_LOOKUP_DTL(CODE,DESCRIPTION,STATUS,HDR) VALUES ('CSEGC047','HOTEL MELATI/LOSMEN','ACTIVE','CMP002');                                                                                                    
INSERT INTO CRM_REF_LOOKUP_DTL(CODE,DESCRIPTION,STATUS,HDR) VALUES ('CSEGC048','LUXURY APARTEMENT','ACTIVE','CMP002');                                                                                                      
INSERT INTO CRM_REF_LOOKUP_DTL(CODE,DESCRIPTION,STATUS,HDR) VALUES ('CSEGC049','AFFORDABLE APARTEMENT','ACTIVE','CMP002');

INSERT INTO CRM_MEMBER (ID, ACCOUNT_ID, FIRST_NAME, LAST_NAME, BIRTHDATE, USERNAME, PASSWORD, ACCOUNT_ENABLED, VERSION, PIN, CONTACT, TOTAL_POINTS, MEMBER_TYPE, STATUS) VALUES (1, 100, 'member1', 'member1', TO_DATE('2000-01-01', 'yyyy-MM-dd'), 'member1', '$2a$10$OV4DPTRjZE.yuSJ.qrwpA.0PJKh8KrXahpG6WGneYeaiZ6oaSPiLa', 'Y', 1, 1, '1111111', 8920, 'MTYP002', 'ACTIVE');
INSERT INTO CRM_MEMBER (ID, ACCOUNT_ID, FIRST_NAME, LAST_NAME, BIRTHDATE, USERNAME, PASSWORD, ACCOUNT_ENABLED, VERSION, PIN, CONTACT, TOTAL_POINTS, MEMBER_TYPE, STATUS) VALUES (2, 102, 'member2', 'member2', TO_DATE('2000-01-01', 'yyyy-MM-dd'), 'member2', '$2a$10$OV4DPTRjZE.yuSJ.qrwpA.0PJKh8KrXahpG6WGneYeaiZ6oaSPiLa', 'Y', 1, 2, '2222222', 11591, 'MTYP001', 'ACTIVE');
INSERT INTO CRM_MEMBER (ID, ACCOUNT_ID, FIRST_NAME, LAST_NAME, BIRTHDATE, USERNAME, PASSWORD, ACCOUNT_ENABLED, VERSION, PIN, CONTACT, TOTAL_POINTS, MEMBER_TYPE, STATUS) VALUES (3, 103, 'member3', 'member3', TO_DATE('2000-01-01', 'yyyy-MM-dd'), 'member3', '$2a$10$OV4DPTRjZE.yuSJ.qrwpA.0PJKh8KrXahpG6WGneYeaiZ6oaSPiLa', 'Y', 1, 3, '3333333', 9264, 'MTYP001', 'ACTIVE');
INSERT INTO CRM_MEMBER (ID, ACCOUNT_ID, FIRST_NAME, LAST_NAME, BIRTHDATE, USERNAME, PASSWORD, ACCOUNT_ENABLED, VERSION, PIN, CONTACT, TOTAL_POINTS, MEMBER_TYPE, COMPANY_NAME, STATUS) VALUES (4, 104, 'member4', 'member4', TO_DATE('2000-01-01', 'yyyy-MM-dd'), 'member4', '$2a$10$OV4DPTRjZE.yuSJ.qrwpA.0PJKh8KrXahpG6WGneYeaiZ6oaSPiLa', 'Y', 1, 4, '4444444', 9425, 'MTYP002', '', 'ACTIVE');
INSERT INTO CRM_MEMBER (ID, ACCOUNT_ID, FIRST_NAME, LAST_NAME, BIRTHDATE, USERNAME, PASSWORD, ACCOUNT_ENABLED, VERSION, PIN, CONTACT, TOTAL_POINTS, MEMBER_TYPE, COMPANY_NAME, STATUS) VALUES (5, 105, 'member5', 'member5', TO_DATE('2000-01-01', 'yyyy-MM-dd'), 'member5', '$2a$10$OV4DPTRjZE.yuSJ.qrwpA.0PJKh8KrXahpG6WGneYeaiZ6oaSPiLa', 'Y', 1, 5, '5555555', 10209, 'MTYP003', 'company2', 'ACTIVE');
