
Insert into CRM_REF_LOOKUP_HDR (CODE,DESCRIPTION,CREATED_BY) values ('CMP001','CUSTOMER GROUP','SYSTEM');

Insert into CRM_REF_LOOKUP_DTL (CODE,DESCRIPTION,STATUS,HDR) values ('CGRP00A','PERITEL','ACTIVE','CMP001');
Insert into CRM_REF_LOOKUP_DTL (CODE,DESCRIPTION,STATUS,HDR) values ('CGRP00B','TRADER','ACTIVE','CMP001');
Insert into CRM_REF_LOOKUP_DTL (CODE,DESCRIPTION,STATUS,HDR) values ('CGRP00C','HOREKA','ACTIVE','CMP001');
Insert into CRM_REF_LOOKUP_DTL (CODE,DESCRIPTION,STATUS,HDR) values ('CGRP00D','SERVICE','ACTIVE','CMP001');
Insert into CRM_REF_LOOKUP_DTL (CODE,DESCRIPTION,STATUS,HDR) values ('CGRP00E','OTHER','ACTIVE','CMP001');

-- CREATE DIVISION
Insert into DIVISION (DIVISION_ID,CREATE_DATE_AUD,UPDATE_DATE_AUD,CODE,DESCRIPTION) values (1,'2014-12-05',null,'1','Grocery');
Insert into DIVISION (DIVISION_ID,CREATE_DATE_AUD,UPDATE_DATE_AUD,CODE,DESCRIPTION) values (2,'2014-12-05',null,'2','Fresh');
Insert into DIVISION (DIVISION_ID,CREATE_DATE_AUD,UPDATE_DATE_AUD,CODE,DESCRIPTION) values (3,'2014-12-05',null,'3','Bazaar');
Insert into DIVISION (DIVISION_ID,CREATE_DATE_AUD,UPDATE_DATE_AUD,CODE,DESCRIPTION) values (4,'2014-12-05',null,'4','Appliance');
Insert into DIVISION (DIVISION_ID,CREATE_DATE_AUD,UPDATE_DATE_AUD,CODE,DESCRIPTION) values (5,'2014-12-05',null,'6','Textile');
Insert into DIVISION (DIVISION_ID,CREATE_DATE_AUD,UPDATE_DATE_AUD,CODE,DESCRIPTION) values (6,'2014-12-05',null,'7','Management');

-- CREATE DEPARTMENT
Insert into DEPARTMENT (DEPT_ID,CREATE_DATE_AUD,UPDATE_DATE_AUD,CODE,DESCRIPTION,DIVISION_ID) values (1,'2014-12-05',null,'10','Beverage',1);
Insert into DEPARTMENT (DEPT_ID,CREATE_DATE_AUD,UPDATE_DATE_AUD,CODE,DESCRIPTION,DIVISION_ID) values (2,'2014-12-05',null,'11','Cleaning',1);
Insert into DEPARTMENT (DEPT_ID,CREATE_DATE_AUD,UPDATE_DATE_AUD,CODE,DESCRIPTION,DIVISION_ID) values (3,'2014-12-05',null,'12','Cosmetics',1);
Insert into DEPARTMENT (DEPT_ID,CREATE_DATE_AUD,UPDATE_DATE_AUD,CODE,DESCRIPTION,DIVISION_ID) values (4,'2014-12-05',null,'14','Dry Grocery',1);
Insert into DEPARTMENT (DEPT_ID,CREATE_DATE_AUD,UPDATE_DATE_AUD,CODE,DESCRIPTION,DIVISION_ID) values (5,'2014-12-05',null,'15','Perishables',1);
Insert into DEPARTMENT (DEPT_ID,CREATE_DATE_AUD,UPDATE_DATE_AUD,CODE,DESCRIPTION,DIVISION_ID) values (6,'2014-12-05',null,'20','Salad Bar',2);
Insert into DEPARTMENT (DEPT_ID,CREATE_DATE_AUD,UPDATE_DATE_AUD,CODE,DESCRIPTION,DIVISION_ID) values (7,'2014-12-05',null,'21','Fishery',2);
Insert into DEPARTMENT (DEPT_ID,CREATE_DATE_AUD,UPDATE_DATE_AUD,CODE,DESCRIPTION,DIVISION_ID) values (8,'2014-12-05',null,'22','Fruits and Vegetables',2);
Insert into DEPARTMENT (DEPT_ID,CREATE_DATE_AUD,UPDATE_DATE_AUD,CODE,DESCRIPTION,DIVISION_ID) values (9,'2014-12-05',null,'23','Bakery Pastry',2);
Insert into DEPARTMENT (DEPT_ID,CREATE_DATE_AUD,UPDATE_DATE_AUD,CODE,DESCRIPTION,DIVISION_ID) values (10,'2014-12-05',null,'24','Butchery',2);
Insert into DEPARTMENT (DEPT_ID,CREATE_DATE_AUD,UPDATE_DATE_AUD,CODE,DESCRIPTION,DIVISION_ID) values (11,'2014-12-05',null,'26','Restaurant',2);
Insert into DEPARTMENT (DEPT_ID,CREATE_DATE_AUD,UPDATE_DATE_AUD,CODE,DESCRIPTION,DIVISION_ID) values (12,'2014-12-05',null,'30','DIY Department',3);
Insert into DEPARTMENT (DEPT_ID,CREATE_DATE_AUD,UPDATE_DATE_AUD,CODE,DESCRIPTION,DIVISION_ID) values (13,'2014-12-05',null,'31','Housekeeping',3);
Insert into DEPARTMENT (DEPT_ID,CREATE_DATE_AUD,UPDATE_DATE_AUD,CODE,DESCRIPTION,DIVISION_ID) values (14,'2014-12-05',null,'32','Culture',3);
Insert into DEPARTMENT (DEPT_ID,CREATE_DATE_AUD,UPDATE_DATE_AUD,CODE,DESCRIPTION,DIVISION_ID) values (15,'2014-12-05',null,'33','Leisure',3);
Insert into DEPARTMENT (DEPT_ID,CREATE_DATE_AUD,UPDATE_DATE_AUD,CODE,DESCRIPTION,DIVISION_ID) values (16,'2014-12-05',null,'34','Gardening',3);
Insert into DEPARTMENT (DEPT_ID,CREATE_DATE_AUD,UPDATE_DATE_AUD,CODE,DESCRIPTION,DIVISION_ID) values (17,'2014-12-05',null,'35','Cars',3);
Insert into DEPARTMENT (DEPT_ID,CREATE_DATE_AUD,UPDATE_DATE_AUD,CODE,DESCRIPTION,DIVISION_ID) values (18,'2014-12-05',null,'36','Car Services',3);
Insert into DEPARTMENT (DEPT_ID,CREATE_DATE_AUD,UPDATE_DATE_AUD,CODE,DESCRIPTION,DIVISION_ID) values (19,'2014-12-05',null,'40','Big Household Appliance',4);
Insert into DEPARTMENT (DEPT_ID,CREATE_DATE_AUD,UPDATE_DATE_AUD,CODE,DESCRIPTION,DIVISION_ID) values (20,'2014-12-05',null,'41','Small Household Appliance',4);
Insert into DEPARTMENT (DEPT_ID,CREATE_DATE_AUD,UPDATE_DATE_AUD,CODE,DESCRIPTION,DIVISION_ID) values (21,'2014-12-05',null,'42','Photo Cine Opticals',4);
Insert into DEPARTMENT (DEPT_ID,CREATE_DATE_AUD,UPDATE_DATE_AUD,CODE,DESCRIPTION,DIVISION_ID) values (22,'2014-12-05',null,'43','Audio and Video',4);
Insert into DEPARTMENT (DEPT_ID,CREATE_DATE_AUD,UPDATE_DATE_AUD,CODE,DESCRIPTION,DIVISION_ID) values (23,'2014-12-05',null,'44','TV Video',4);
Insert into DEPARTMENT (DEPT_ID,CREATE_DATE_AUD,UPDATE_DATE_AUD,CODE,DESCRIPTION,DIVISION_ID) values (24,'2014-12-05',null,'45','Computers',4);
Insert into DEPARTMENT (DEPT_ID,CREATE_DATE_AUD,UPDATE_DATE_AUD,CODE,DESCRIPTION,DIVISION_ID) values (25,'2014-12-05',null,'60','Shoes',5);
Insert into DEPARTMENT (DEPT_ID,CREATE_DATE_AUD,UPDATE_DATE_AUD,CODE,DESCRIPTION,DIVISION_ID) values (26,'2014-12-05',null,'61','Permanent',5);
Insert into DEPARTMENT (DEPT_ID,CREATE_DATE_AUD,UPDATE_DATE_AUD,CODE,DESCRIPTION,DIVISION_ID) values (27,'2014-12-05',null,'62','Seasonal',5);
Insert into DEPARTMENT (DEPT_ID,CREATE_DATE_AUD,UPDATE_DATE_AUD,CODE,DESCRIPTION,DIVISION_ID) values (28,'2014-12-05',null,'65','Household Linen',5);
Insert into DEPARTMENT (DEPT_ID,CREATE_DATE_AUD,UPDATE_DATE_AUD,CODE,DESCRIPTION,DIVISION_ID) values (29,'2014-12-05',null,'66','Personal Accessories',5);
Insert into DEPARTMENT (DEPT_ID,CREATE_DATE_AUD,UPDATE_DATE_AUD,CODE,DESCRIPTION,DIVISION_ID) values (30,'2014-12-05',null,'74','Computer',6);

-- PRODUCT
Insert into PRODUCT (PLU_ID,CATEGORY_ID,DEPARTMENT_CODE,DESCRIPTION,STORE_CODE) values ('100362431999320004','0','30','P/GORME COOKWARE STICKER','10036');
Insert into PRODUCT (PLU_ID,CATEGORY_ID,DEPARTMENT_CODE,DESCRIPTION,STORE_CODE) values ('100368999999403836','0','11','MOLTO TRIKA REFILL BLUE 450 ML**','10036');
Insert into PRODUCT (PLU_ID,CATEGORY_ID,DEPARTMENT_CODE,DESCRIPTION,STORE_CODE) values ('100362044030000000','0','22','RED WATER MELON CUT FRUIT ','10036');
Insert into PRODUCT (PLU_ID,CATEGORY_ID,DEPARTMENT_CODE,DESCRIPTION,STORE_CODE) values ('100364902430370950','0','11','DOWNY INNOCENCE POUCH 370ML','10036');
Insert into PRODUCT (PLU_ID,CATEGORY_ID,DEPARTMENT_CODE,DESCRIPTION,STORE_CODE) values ('100368993110000188','0','14','SOZZIS SAPI SIAP MAKAN PACK 75 GR*','10036');
Insert into PRODUCT (PLU_ID,CATEGORY_ID,DEPARTMENT_CODE,DESCRIPTION,STORE_CODE) values ('100368992741941327','0','14','YUPI 120 GR* STRAWBERRY KISS','10036');
Insert into PRODUCT (PLU_ID,CATEGORY_ID,DEPARTMENT_CODE,DESCRIPTION,STORE_CODE) values ('100362044040000000','0','22','MELON SKY ROCKET CUT FRUIT','10036');
Insert into PRODUCT (PLU_ID,CATEGORY_ID,DEPARTMENT_CODE,DESCRIPTION,STORE_CODE) values ('100368999999401245','0','11','RINSO ANTI NODA 1400 GR**','10036');
Insert into PRODUCT (PLU_ID,CATEGORY_ID,DEPARTMENT_CODE,DESCRIPTION,STORE_CODE) values ('100364902430276436','0','11','DOWNY PASSION POUCH 370ML**','10036');
Insert into PRODUCT (PLU_ID,CATEGORY_ID,DEPARTMENT_CODE,DESCRIPTION,STORE_CODE) values ('100368993017100028','0','14','KOALA 10 GR LEMON','10036');

-- ALTER TABLE CRM_MEMBER DISABLE CONSTRAINT FK_9G2GDKVDF1EQVNHQB6VCTRABE;
alter table CRM_MEMBER SET REFERENTIAL_INTEGRITY FALSE;
-- MEMBER
Insert into CRM_MEMBER (ID,CREATED_BY,CREATED_DATETIME,LAST_UPDATED_BY,LAST_UPDATED_DATETIME,ACCOUNT_ID,STATUS,TIME_TO_CALL,CARD_NO,ACCEPT_EMAIL,ACCEPT_MAIL,ACCEPT_PHONE,ACCEPT_SMS,SMS,COMPANY_NAME,CONTACT,BIRTHDATE,CARS_OWNED,CHILDREN_COUNT,CLOSEST_STORE,CREDIT_CARD_OWNERSHIP,DOMESTIC_HELPERS,FAX_NO,INSURANCE_OWNERSHIP,NAME_NATIVE,PLACE_OF_BIRTH,POSTAL_CODE,EMAIL,ACCOUNT_ENABLED,FIRST_NAME,KTP,LAST_NAME,LOYALTY_CARD_NO,CREATED_FROM,MIDDLE_NAME,NPWP_ADDRESS,NPWP_ID,NPWP_NAME,PARENT_ACCOUNT_ID,PASSWORD,PIN,BUSINESS_EMAIL,BUSINESS_LICENSE,BUSINESS_NAME,POSITION,RADIUS,TRANS_CODE_1,TRANS_CODE_2,TRANS_CODE_3,TRANS_CODE_4,TRANS_CODE_LONG1,TRANS_CODE_LONG2,TRANS_CODE_SHORT,ZONE,REGISTERED_STORE,STORE_NAME,TOTAL_POINTS,USERNAME,VALIDATION_CODE,VERSION,ADDRESS,CARD_TYPE,EDUCATION,FAMILY_SIZE,GENDER,HOUSEHOLD_INCOME,MARITAL_STATUS,NATIONALITY,OCCUPATION,PERSONAL_INCOME,PREFERED_LANGUAGE,RELIGION,TITLE,EMP_TYPE,MEMBER_TYPE,BUSINESS_ADDRESS,BUSINESS_FIELD,CUSTOMER_GROUP,CUSTOMER_SEGREGATION,DEPARTMENT,REG_ID,BUSINESS_PHONE,NO_OF_EMP,POTENTIAL_BUYING_PER_MONTH,HOME_PHONE,CORRESPONDENCE_ADDRESS,INFORMED_ABOUT,INTERESTED_PRODUCTS,ID_NUMBER,SOCIAL_MEDIA_ACCTS,VISITED_SUPERMARKETS,INTERESTED_ACTIVITIES,TRIPS_TO_STORE,VEHICLES_OWNED,BANKS,INTERESTS,PIN_ENCRYPTED,CUST_FLD01,CUST_FLD02,CUST_FLD03,CUST_FLD04,CUST_FLD05,CUST_FLD06,CUST_FLD07,CUST_FLD08,CUST_FLD09,CUST_FLD10,CUST_FLD11,CUST_FLD12,TERMINATION_DATE,STAMP_USER) values (1758088000,'id_erosa','2014-02-10 01:54:59','SYSTEM','2014-05-08 05:35:23','1202000029848','ACTIVE','BTTC002',null,'Y','N','N','Y',null,'TOKO ALFREDO','91202000029848',	    '2014-09-08 10:09:08',null,2,null,'N',null,null,'N',null,null,null,null,'Y','RINDU',null,'SIANTARI','1202000029848','FROM_UPLOAD',null,'adress','000000000000000','testing',null,'$2a$10$LV46TI4GQ78ujoGBq3bd5.Dxw93Rhmg1rn.UtZyXC96OqHrJS.lGi','nuA46uQvKo0=',null,null,null,'OWNER','RADI002',null,null,null,null,null,null,null,'D','20001',null,0,'91202000029848',null,13,1844834000,'TIER002',null,null,'GEND001',null,'MARI002',null,null,null,null,'RELO002',null,null,'MTYP003',1844835000,null,'CGRP00A','CSEGA021',null,null,'081295979939',null,null,null,'CADD001','INFO005',null,'KTP-3275010509010040',null,null,null,null,null,null,null,'Y',null,null,null,null,null,null,null,null,null,null,null,null,null,null);
Insert into CRM_MEMBER (ID,CREATED_BY,CREATED_DATETIME,LAST_UPDATED_BY,LAST_UPDATED_DATETIME,ACCOUNT_ID,STATUS,TIME_TO_CALL,CARD_NO,ACCEPT_EMAIL,ACCEPT_MAIL,ACCEPT_PHONE,ACCEPT_SMS,SMS,COMPANY_NAME,CONTACT,BIRTHDATE,CARS_OWNED,CHILDREN_COUNT,CLOSEST_STORE,CREDIT_CARD_OWNERSHIP,DOMESTIC_HELPERS,FAX_NO,INSURANCE_OWNERSHIP,NAME_NATIVE,PLACE_OF_BIRTH,POSTAL_CODE,EMAIL,ACCOUNT_ENABLED,FIRST_NAME,KTP,LAST_NAME,LOYALTY_CARD_NO,CREATED_FROM,MIDDLE_NAME,NPWP_ADDRESS,NPWP_ID,NPWP_NAME,PARENT_ACCOUNT_ID,PASSWORD,PIN,BUSINESS_EMAIL,BUSINESS_LICENSE,BUSINESS_NAME,POSITION,RADIUS,TRANS_CODE_1,TRANS_CODE_2,TRANS_CODE_3,TRANS_CODE_4,TRANS_CODE_LONG1,TRANS_CODE_LONG2,TRANS_CODE_SHORT,ZONE,REGISTERED_STORE,STORE_NAME,TOTAL_POINTS,USERNAME,VALIDATION_CODE,VERSION,ADDRESS,CARD_TYPE,EDUCATION,FAMILY_SIZE,GENDER,HOUSEHOLD_INCOME,MARITAL_STATUS,NATIONALITY,OCCUPATION,PERSONAL_INCOME,PREFERED_LANGUAGE,RELIGION,TITLE,EMP_TYPE,MEMBER_TYPE,BUSINESS_ADDRESS,BUSINESS_FIELD,CUSTOMER_GROUP,CUSTOMER_SEGREGATION,DEPARTMENT,REG_ID,BUSINESS_PHONE,NO_OF_EMP,POTENTIAL_BUYING_PER_MONTH,HOME_PHONE,CORRESPONDENCE_ADDRESS,INFORMED_ABOUT,INTERESTED_PRODUCTS,ID_NUMBER,SOCIAL_MEDIA_ACCTS,VISITED_SUPERMARKETS,INTERESTED_ACTIVITIES,TRIPS_TO_STORE,VEHICLES_OWNED,BANKS,INTERESTS,PIN_ENCRYPTED,CUST_FLD01,CUST_FLD02,CUST_FLD03,CUST_FLD04,CUST_FLD05,CUST_FLD06,CUST_FLD07,CUST_FLD08,CUST_FLD09,CUST_FLD10,CUST_FLD11,CUST_FLD12,TERMINATION_DATE,STAMP_USER) values (1758090000,'id_erosa','2014-02-10 01:54:59','SYSTEM','2014-05-08 05:35:23','1202000029855','ACTIVE','BTTC002',null,'Y',null,'N','Y',null,'WARUNG NASI CEU ELOK','081213887169',  '2014-09-08 10:09:08',null,null,null,'N',null,null,'N',null,null,null,null,'Y','RIKI',null,'PRATAMA','1202000029855','FROM_UPLOAD',null,null,'000000000000000',null,null,'$2a$10$KXBb5kYulVGCRWcOgqoESO.LMqybexLPXGliqTIC8ecu.BVPw3eHy','JX9dWORyMNU=',null,null,null,'OWNER','RADI002',null,null,null,null,null,null,null,'D','20001',null,null,'081213887169',null,1,null,'TIER002',null,null,'GEND001',null,'MARI001','NATY001',null,null,null,null,null,null,'MTYP003',1758725000,null,'CGRP00C','CSEGC003',null,null,'081213887169',null,null,null,'CADD001','INFO005',null,'KTP-3215010607920032',null,null,null,null,null,null,null,'Y',null,null,null,null,null,null,null,null,null,null,null,null,null,null);
Insert into CRM_MEMBER (ID,CREATED_BY,CREATED_DATETIME,LAST_UPDATED_BY,LAST_UPDATED_DATETIME,ACCOUNT_ID,STATUS,TIME_TO_CALL,CARD_NO,ACCEPT_EMAIL,ACCEPT_MAIL,ACCEPT_PHONE,ACCEPT_SMS,SMS,COMPANY_NAME,CONTACT,BIRTHDATE,CARS_OWNED,CHILDREN_COUNT,CLOSEST_STORE,CREDIT_CARD_OWNERSHIP,DOMESTIC_HELPERS,FAX_NO,INSURANCE_OWNERSHIP,NAME_NATIVE,PLACE_OF_BIRTH,POSTAL_CODE,EMAIL,ACCOUNT_ENABLED,FIRST_NAME,KTP,LAST_NAME,LOYALTY_CARD_NO,CREATED_FROM,MIDDLE_NAME,NPWP_ADDRESS,NPWP_ID,NPWP_NAME,PARENT_ACCOUNT_ID,PASSWORD,PIN,BUSINESS_EMAIL,BUSINESS_LICENSE,BUSINESS_NAME,POSITION,RADIUS,TRANS_CODE_1,TRANS_CODE_2,TRANS_CODE_3,TRANS_CODE_4,TRANS_CODE_LONG1,TRANS_CODE_LONG2,TRANS_CODE_SHORT,ZONE,REGISTERED_STORE,STORE_NAME,TOTAL_POINTS,USERNAME,VALIDATION_CODE,VERSION,ADDRESS,CARD_TYPE,EDUCATION,FAMILY_SIZE,GENDER,HOUSEHOLD_INCOME,MARITAL_STATUS,NATIONALITY,OCCUPATION,PERSONAL_INCOME,PREFERED_LANGUAGE,RELIGION,TITLE,EMP_TYPE,MEMBER_TYPE,BUSINESS_ADDRESS,BUSINESS_FIELD,CUSTOMER_GROUP,CUSTOMER_SEGREGATION,DEPARTMENT,REG_ID,BUSINESS_PHONE,NO_OF_EMP,POTENTIAL_BUYING_PER_MONTH,HOME_PHONE,CORRESPONDENCE_ADDRESS,INFORMED_ABOUT,INTERESTED_PRODUCTS,ID_NUMBER,SOCIAL_MEDIA_ACCTS,VISITED_SUPERMARKETS,INTERESTED_ACTIVITIES,TRIPS_TO_STORE,VEHICLES_OWNED,BANKS,INTERESTS,PIN_ENCRYPTED,CUST_FLD01,CUST_FLD02,CUST_FLD03,CUST_FLD04,CUST_FLD05,CUST_FLD06,CUST_FLD07,CUST_FLD08,CUST_FLD09,CUST_FLD10,CUST_FLD11,CUST_FLD12,TERMINATION_DATE,STAMP_USER) values (1758092000,'id_erosa','2014-02-10 01:54:59','SYSTEM','2014-05-08 05:35:23','1202000029862','ACTIVE','BTTC002',null,'Y',null,'N','Y',null,'WARUNG UCOK SEDERHANA','081382244331', '2014-09-08 10:09:08',null,1,null,'N',null,null,'N',null,null,null,null,'Y','ARWAN',null,'SIREGAR','1202000029862','FROM_UPLOAD',null,null,'000000000000000',null,null,'$2a$10$k732ew9FQNukjf/rR82sOOvLkmM0whn9vJf7kp1Hy5Qn23F7NIRZm','Qrtyt9uwZZo=',null,null,null,'OWNER','RADI001',null,null,null,null,null,null,null,'D','20001',null,null,'081382244331',null,1,null,'TIER002','EDUC002',null,'GEND001',null,'MARI002','NATY001',null,null,null,'RELO001',null,null,'MTYP003',1758726000,null,'CGRP00A','CSEGA001',null,null,'081382244331',null,null,null,'CADD001','INFO005',null,'KTP-3275011303900036',null,null,null,null,null,null,null,'Y',null,null,null,null,null,null,null,null,null,null,null,null,null,null);
Insert into CRM_MEMBER (ID,CREATED_BY,CREATED_DATETIME,LAST_UPDATED_BY,LAST_UPDATED_DATETIME,ACCOUNT_ID,STATUS,TIME_TO_CALL,CARD_NO,ACCEPT_EMAIL,ACCEPT_MAIL,ACCEPT_PHONE,ACCEPT_SMS,SMS,COMPANY_NAME,CONTACT,BIRTHDATE,CARS_OWNED,CHILDREN_COUNT,CLOSEST_STORE,CREDIT_CARD_OWNERSHIP,DOMESTIC_HELPERS,FAX_NO,INSURANCE_OWNERSHIP,NAME_NATIVE,PLACE_OF_BIRTH,POSTAL_CODE,EMAIL,ACCOUNT_ENABLED,FIRST_NAME,KTP,LAST_NAME,LOYALTY_CARD_NO,CREATED_FROM,MIDDLE_NAME,NPWP_ADDRESS,NPWP_ID,NPWP_NAME,PARENT_ACCOUNT_ID,PASSWORD,PIN,BUSINESS_EMAIL,BUSINESS_LICENSE,BUSINESS_NAME,POSITION,RADIUS,TRANS_CODE_1,TRANS_CODE_2,TRANS_CODE_3,TRANS_CODE_4,TRANS_CODE_LONG1,TRANS_CODE_LONG2,TRANS_CODE_SHORT,ZONE,REGISTERED_STORE,STORE_NAME,TOTAL_POINTS,USERNAME,VALIDATION_CODE,VERSION,ADDRESS,CARD_TYPE,EDUCATION,FAMILY_SIZE,GENDER,HOUSEHOLD_INCOME,MARITAL_STATUS,NATIONALITY,OCCUPATION,PERSONAL_INCOME,PREFERED_LANGUAGE,RELIGION,TITLE,EMP_TYPE,MEMBER_TYPE,BUSINESS_ADDRESS,BUSINESS_FIELD,CUSTOMER_GROUP,CUSTOMER_SEGREGATION,DEPARTMENT,REG_ID,BUSINESS_PHONE,NO_OF_EMP,POTENTIAL_BUYING_PER_MONTH,HOME_PHONE,CORRESPONDENCE_ADDRESS,INFORMED_ABOUT,INTERESTED_PRODUCTS,ID_NUMBER,SOCIAL_MEDIA_ACCTS,VISITED_SUPERMARKETS,INTERESTED_ACTIVITIES,TRIPS_TO_STORE,VEHICLES_OWNED,BANKS,INTERESTS,PIN_ENCRYPTED,CUST_FLD01,CUST_FLD02,CUST_FLD03,CUST_FLD04,CUST_FLD05,CUST_FLD06,CUST_FLD07,CUST_FLD08,CUST_FLD09,CUST_FLD10,CUST_FLD11,CUST_FLD12,TERMINATION_DATE,STAMP_USER) values (98565000,'rmorales',  '2014-02-10 01:54:59','SYSTEM','2014-05-08 05:35:23','00013070794','ACTIVE',null,null,'N','N','N','N',null,null,'08111470842',				    '2014-09-08 10:09:08',null,null,'40012','N',null,null,'N',null,null,null,'pichaimuthu_kaliannan@transretail.co.id','Y','PICHAIMUTHU',null,'KALIANNAN',null,'FROM_UPLOAD',null,null,null,null,null,'$2a$10$/ABgK59wlvHAzFROTdN2jeWqrhG2I3vc21Gd1H.FZozAqcCRajJbm','jrZUqTGNswA=',null,null,null,null,null,null,null,null,null,null,null,null,null,'10007',null,null,'00013070794',null,2,98564000,null,null,null,'GEND001',null,'MARI002','NATY005',null,null,'LANG002','RELO003',null,'EMPT006','MTYP002',165521000,null,'CGRP00A',null,null,null,null,null,null,null,null,null,null,null,null,null,null,null,null,null,null,'Y',null,null,null,null,null,null,null,null,null,null,null,null,null,null);
Insert into CRM_MEMBER (ID,CREATED_BY,CREATED_DATETIME,LAST_UPDATED_BY,LAST_UPDATED_DATETIME,ACCOUNT_ID,STATUS,TIME_TO_CALL,CARD_NO,ACCEPT_EMAIL,ACCEPT_MAIL,ACCEPT_PHONE,ACCEPT_SMS,SMS,COMPANY_NAME,CONTACT,BIRTHDATE,CARS_OWNED,CHILDREN_COUNT,CLOSEST_STORE,CREDIT_CARD_OWNERSHIP,DOMESTIC_HELPERS,FAX_NO,INSURANCE_OWNERSHIP,NAME_NATIVE,PLACE_OF_BIRTH,POSTAL_CODE,EMAIL,ACCOUNT_ENABLED,FIRST_NAME,KTP,LAST_NAME,LOYALTY_CARD_NO,CREATED_FROM,MIDDLE_NAME,NPWP_ADDRESS,NPWP_ID,NPWP_NAME,PARENT_ACCOUNT_ID,PASSWORD,PIN,BUSINESS_EMAIL,BUSINESS_LICENSE,BUSINESS_NAME,POSITION,RADIUS,TRANS_CODE_1,TRANS_CODE_2,TRANS_CODE_3,TRANS_CODE_4,TRANS_CODE_LONG1,TRANS_CODE_LONG2,TRANS_CODE_SHORT,ZONE,REGISTERED_STORE,STORE_NAME,TOTAL_POINTS,USERNAME,VALIDATION_CODE,VERSION,ADDRESS,CARD_TYPE,EDUCATION,FAMILY_SIZE,GENDER,HOUSEHOLD_INCOME,MARITAL_STATUS,NATIONALITY,OCCUPATION,PERSONAL_INCOME,PREFERED_LANGUAGE,RELIGION,TITLE,EMP_TYPE,MEMBER_TYPE,BUSINESS_ADDRESS,BUSINESS_FIELD,CUSTOMER_GROUP,CUSTOMER_SEGREGATION,DEPARTMENT,REG_ID,BUSINESS_PHONE,NO_OF_EMP,POTENTIAL_BUYING_PER_MONTH,HOME_PHONE,CORRESPONDENCE_ADDRESS,INFORMED_ABOUT,INTERESTED_PRODUCTS,ID_NUMBER,SOCIAL_MEDIA_ACCTS,VISITED_SUPERMARKETS,INTERESTED_ACTIVITIES,TRIPS_TO_STORE,VEHICLES_OWNED,BANKS,INTERESTS,PIN_ENCRYPTED,CUST_FLD01,CUST_FLD02,CUST_FLD03,CUST_FLD04,CUST_FLD05,CUST_FLD06,CUST_FLD07,CUST_FLD08,CUST_FLD09,CUST_FLD10,CUST_FLD11,CUST_FLD12,TERMINATION_DATE,STAMP_USER) values (97874000,'rmorales',  '2014-02-10 01:54:59','SYSTEM','2014-05-08 05:35:23','00111088065','ACTIVE',null,null,'Y','N','N','Y',null,null,'081387013128',			    '2014-09-08 10:09:08',null,null,null,'N',null,null,'N',null,'Bekasi',null,'arieflukmans@yahoo.co.id','Y','ARIEF',null,'LUKMAN SAPUTRO        ',null,'FROM_CRM',null,null,'000000000000000',null,null,'$2a$10$wEcPO0T9Z3pOPHkORplbZe/lF7DoOF7L2OZZofoJcPw7H9xb04TfW','VSXxdsbfZ84=',null,null,null,null,null,null,null,null,null,null,null,null,null,'10007',null,0,'"900111088065"',null,46,7504488000,null,null,'FSIZ002','GEND001',null,'MARI002','NATY001',null,null,null,'RELO001',null,'EMPT003','MTYP002',2485768000,null,'CGRP00A',null,'DEPT101',null,null,null,null,null,null,null,null,'KTP-98123',null,null,null,null,null,null,null,'Y',null,null,null,null,null,null,null,null,null,null,null,null,null,null);
Insert into CRM_MEMBER (ID,CREATED_BY,CREATED_DATETIME,LAST_UPDATED_BY,LAST_UPDATED_DATETIME,ACCOUNT_ID,STATUS,TIME_TO_CALL,CARD_NO,ACCEPT_EMAIL,ACCEPT_MAIL,ACCEPT_PHONE,ACCEPT_SMS,SMS,COMPANY_NAME,CONTACT,BIRTHDATE,CARS_OWNED,CHILDREN_COUNT,CLOSEST_STORE,CREDIT_CARD_OWNERSHIP,DOMESTIC_HELPERS,FAX_NO,INSURANCE_OWNERSHIP,NAME_NATIVE,PLACE_OF_BIRTH,POSTAL_CODE,EMAIL,ACCOUNT_ENABLED,FIRST_NAME,KTP,LAST_NAME,LOYALTY_CARD_NO,CREATED_FROM,MIDDLE_NAME,NPWP_ADDRESS,NPWP_ID,NPWP_NAME,PARENT_ACCOUNT_ID,PASSWORD,PIN,BUSINESS_EMAIL,BUSINESS_LICENSE,BUSINESS_NAME,POSITION,RADIUS,TRANS_CODE_1,TRANS_CODE_2,TRANS_CODE_3,TRANS_CODE_4,TRANS_CODE_LONG1,TRANS_CODE_LONG2,TRANS_CODE_SHORT,ZONE,REGISTERED_STORE,STORE_NAME,TOTAL_POINTS,USERNAME,VALIDATION_CODE,VERSION,ADDRESS,CARD_TYPE,EDUCATION,FAMILY_SIZE,GENDER,HOUSEHOLD_INCOME,MARITAL_STATUS,NATIONALITY,OCCUPATION,PERSONAL_INCOME,PREFERED_LANGUAGE,RELIGION,TITLE,EMP_TYPE,MEMBER_TYPE,BUSINESS_ADDRESS,BUSINESS_FIELD,CUSTOMER_GROUP,CUSTOMER_SEGREGATION,DEPARTMENT,REG_ID,BUSINESS_PHONE,NO_OF_EMP,POTENTIAL_BUYING_PER_MONTH,HOME_PHONE,CORRESPONDENCE_ADDRESS,INFORMED_ABOUT,INTERESTED_PRODUCTS,ID_NUMBER,SOCIAL_MEDIA_ACCTS,VISITED_SUPERMARKETS,INTERESTED_ACTIVITIES,TRIPS_TO_STORE,VEHICLES_OWNED,BANKS,INTERESTS,PIN_ENCRYPTED,CUST_FLD01,CUST_FLD02,CUST_FLD03,CUST_FLD04,CUST_FLD05,CUST_FLD06,CUST_FLD07,CUST_FLD08,CUST_FLD09,CUST_FLD10,CUST_FLD11,CUST_FLD12,TERMINATION_DATE,STAMP_USER) values (98104000,'rmorales',  '2014-02-10 01:54:59','SYSTEM','2014-05-08 05:35:23','00009070268','ACTIVE',null,null,'Y','N','N','Y',null,null,'"900009070268"',			    '2014-09-08 10:09:08',null,2,null,'N',null,null,'Y',null,'Jakarta',null,'elly_erosa@transretail.co.id','Y','ELLY',null,'EROSA         ',null,'FROM_CRM',null,null,'000000000000000',null,null,'$2a$10$zOzZ/FtK/VdT.UgoE4YZaej4ZaRutNd.F3/xKGvMM1.OMHM/5DsDi','qE5lbvZmscw=',null,null,null,null,null,null,null,null,null,null,null,null,null,'10007',null,49785,'"900009070268"',null,378,6438212000,null,null,'FSIZ003','GEND002',null,'MARI002','NATY001','OCCU004',null,null,'RELO001',null,'EMPT001','MTYP002',2538455000,'BFLD006','CGRP00A',null,'DEPT162',null,null,null,null,null,null,null,null,'KTP-9812',null,null,null,null,'VEHO001',null,null,'Y',null,null,null,null,null,null,null,null,null,null,null,null,null,null);
Insert into CRM_MEMBER (ID,CREATED_BY,CREATED_DATETIME,LAST_UPDATED_BY,LAST_UPDATED_DATETIME,ACCOUNT_ID,STATUS,TIME_TO_CALL,CARD_NO,ACCEPT_EMAIL,ACCEPT_MAIL,ACCEPT_PHONE,ACCEPT_SMS,SMS,COMPANY_NAME,CONTACT,BIRTHDATE,CARS_OWNED,CHILDREN_COUNT,CLOSEST_STORE,CREDIT_CARD_OWNERSHIP,DOMESTIC_HELPERS,FAX_NO,INSURANCE_OWNERSHIP,NAME_NATIVE,PLACE_OF_BIRTH,POSTAL_CODE,EMAIL,ACCOUNT_ENABLED,FIRST_NAME,KTP,LAST_NAME,LOYALTY_CARD_NO,CREATED_FROM,MIDDLE_NAME,NPWP_ADDRESS,NPWP_ID,NPWP_NAME,PARENT_ACCOUNT_ID,PASSWORD,PIN,BUSINESS_EMAIL,BUSINESS_LICENSE,BUSINESS_NAME,POSITION,RADIUS,TRANS_CODE_1,TRANS_CODE_2,TRANS_CODE_3,TRANS_CODE_4,TRANS_CODE_LONG1,TRANS_CODE_LONG2,TRANS_CODE_SHORT,ZONE,REGISTERED_STORE,STORE_NAME,TOTAL_POINTS,USERNAME,VALIDATION_CODE,VERSION,ADDRESS,CARD_TYPE,EDUCATION,FAMILY_SIZE,GENDER,HOUSEHOLD_INCOME,MARITAL_STATUS,NATIONALITY,OCCUPATION,PERSONAL_INCOME,PREFERED_LANGUAGE,RELIGION,TITLE,EMP_TYPE,MEMBER_TYPE,BUSINESS_ADDRESS,BUSINESS_FIELD,CUSTOMER_GROUP,CUSTOMER_SEGREGATION,DEPARTMENT,REG_ID,BUSINESS_PHONE,NO_OF_EMP,POTENTIAL_BUYING_PER_MONTH,HOME_PHONE,CORRESPONDENCE_ADDRESS,INFORMED_ABOUT,INTERESTED_PRODUCTS,ID_NUMBER,SOCIAL_MEDIA_ACCTS,VISITED_SUPERMARKETS,INTERESTED_ACTIVITIES,TRIPS_TO_STORE,VEHICLES_OWNED,BANKS,INTERESTS,PIN_ENCRYPTED,CUST_FLD01,CUST_FLD02,CUST_FLD03,CUST_FLD04,CUST_FLD05,CUST_FLD06,CUST_FLD07,CUST_FLD08,CUST_FLD09,CUST_FLD10,CUST_FLD11,CUST_FLD12,TERMINATION_DATE,STAMP_USER) values (1031894000,'rodiaman','2014-02-10 01:54:59','SYSTEM','2014-05-08 05:35:23','1202999999999','ACTIVE','BTTC003',null,'Y','N','N','Y',null,'taminiswuare','1122334455',		    '2014-09-08 10:09:08',null,5,null,'N',null,null,'N',null,null,null,'monkeydragon@transretail.co.id','Y','monkey',null,'dragons',null,'FROM_UPLOAD',null,'Test-npwpadd','000000000000000','Test-npwpname',null,'$2a$10$yFdDVpAQR/fh9XWUopB9EuZBBY2PWyIr1Zg6JbODjl4WBWRiXY//C','cK8OOmDsiBg=','businessemail321@exist.com','001-567-890',null,'OWNER','RADI001',null,null,null,null,null,null,null,'100','20001',null,null,'1122334455',null,9,1857388000,null,'EDUC004',null,'GEND001',null,'MARI001','NATY001',null,null,null,'RELO001',null,null,'MTYP003',1857389000,null,'CGRP00B','CSEGB001',null,null,'9999999999000',null,'10-50 m',null,'CADD001','INFO003',null,'KTP-998998',null,null,null,null,null,null,null,'Y',null,null,null,null,null,null,null,null,null,null,null,null,null,null);
Insert into CRM_MEMBER (ID,CREATED_BY,CREATED_DATETIME,LAST_UPDATED_BY,LAST_UPDATED_DATETIME,ACCOUNT_ID,STATUS,TIME_TO_CALL,CARD_NO,ACCEPT_EMAIL,ACCEPT_MAIL,ACCEPT_PHONE,ACCEPT_SMS,SMS,COMPANY_NAME,CONTACT,BIRTHDATE,CARS_OWNED,CHILDREN_COUNT,CLOSEST_STORE,CREDIT_CARD_OWNERSHIP,DOMESTIC_HELPERS,FAX_NO,INSURANCE_OWNERSHIP,NAME_NATIVE,PLACE_OF_BIRTH,POSTAL_CODE,EMAIL,ACCOUNT_ENABLED,FIRST_NAME,KTP,LAST_NAME,LOYALTY_CARD_NO,CREATED_FROM,MIDDLE_NAME,NPWP_ADDRESS,NPWP_ID,NPWP_NAME,PARENT_ACCOUNT_ID,PASSWORD,PIN,BUSINESS_EMAIL,BUSINESS_LICENSE,BUSINESS_NAME,POSITION,RADIUS,TRANS_CODE_1,TRANS_CODE_2,TRANS_CODE_3,TRANS_CODE_4,TRANS_CODE_LONG1,TRANS_CODE_LONG2,TRANS_CODE_SHORT,ZONE,REGISTERED_STORE,STORE_NAME,TOTAL_POINTS,USERNAME,VALIDATION_CODE,VERSION,ADDRESS,CARD_TYPE,EDUCATION,FAMILY_SIZE,GENDER,HOUSEHOLD_INCOME,MARITAL_STATUS,NATIONALITY,OCCUPATION,PERSONAL_INCOME,PREFERED_LANGUAGE,RELIGION,TITLE,EMP_TYPE,MEMBER_TYPE,BUSINESS_ADDRESS,BUSINESS_FIELD,CUSTOMER_GROUP,CUSTOMER_SEGREGATION,DEPARTMENT,REG_ID,BUSINESS_PHONE,NO_OF_EMP,POTENTIAL_BUYING_PER_MONTH,HOME_PHONE,CORRESPONDENCE_ADDRESS,INFORMED_ABOUT,INTERESTED_PRODUCTS,ID_NUMBER,SOCIAL_MEDIA_ACCTS,VISITED_SUPERMARKETS,INTERESTED_ACTIVITIES,TRIPS_TO_STORE,VEHICLES_OWNED,BANKS,INTERESTS,PIN_ENCRYPTED,CUST_FLD01,CUST_FLD02,CUST_FLD03,CUST_FLD04,CUST_FLD05,CUST_FLD06,CUST_FLD07,CUST_FLD08,CUST_FLD09,CUST_FLD10,CUST_FLD11,CUST_FLD12,TERMINATION_DATE,STAMP_USER) values (1760614000,'id_erosa','2014-02-10 01:54:59','SYSTEM','2014-05-08 05:35:23','1202000040942','ACTIVE','BTTC002',null,'Y',null,'N','Y',null,'FHOTO COPY ATK','085352383395',	    '2014-09-08 10:09:08',null,3,null,'N',null,null,'N',null,null,null,null,'Y','N',null,'HARTINI','1202000040942','FROM_UPLOAD',null,null,'000000000000000',null,null,'$2a$10$vZtlizDGjypv9hCQyWCNfewL53/ochzIq0VgKpO7N53URaAvyeXRy','zXCTY5wb4Bg=',null,null,null,'OWNER','RADI004',null,null,null,null,null,null,null,'C','20001',null,null,'085352383395',null,1,null,'TIER002','EDUC001',null,'GEND002',null,'MARI002','NATY001',null,null,null,'RELO001',null,null,'MTYP003',1761891000,null,'CGRP00A','CSEGA052',null,null,'085352383395',null,null,null,'CADD001','INFO005',null,'KTP-71202000040942',null,null,null,null,null,null,null,'Y',null,null,null,null,null,null,null,null,null,null,null,null,null,null);
Insert into CRM_MEMBER (ID,CREATED_BY,CREATED_DATETIME,LAST_UPDATED_BY,LAST_UPDATED_DATETIME,ACCOUNT_ID,STATUS,TIME_TO_CALL,CARD_NO,ACCEPT_EMAIL,ACCEPT_MAIL,ACCEPT_PHONE,ACCEPT_SMS,SMS,COMPANY_NAME,CONTACT,BIRTHDATE,CARS_OWNED,CHILDREN_COUNT,CLOSEST_STORE,CREDIT_CARD_OWNERSHIP,DOMESTIC_HELPERS,FAX_NO,INSURANCE_OWNERSHIP,NAME_NATIVE,PLACE_OF_BIRTH,POSTAL_CODE,EMAIL,ACCOUNT_ENABLED,FIRST_NAME,KTP,LAST_NAME,LOYALTY_CARD_NO,CREATED_FROM,MIDDLE_NAME,NPWP_ADDRESS,NPWP_ID,NPWP_NAME,PARENT_ACCOUNT_ID,PASSWORD,PIN,BUSINESS_EMAIL,BUSINESS_LICENSE,BUSINESS_NAME,POSITION,RADIUS,TRANS_CODE_1,TRANS_CODE_2,TRANS_CODE_3,TRANS_CODE_4,TRANS_CODE_LONG1,TRANS_CODE_LONG2,TRANS_CODE_SHORT,ZONE,REGISTERED_STORE,STORE_NAME,TOTAL_POINTS,USERNAME,VALIDATION_CODE,VERSION,ADDRESS,CARD_TYPE,EDUCATION,FAMILY_SIZE,GENDER,HOUSEHOLD_INCOME,MARITAL_STATUS,NATIONALITY,OCCUPATION,PERSONAL_INCOME,PREFERED_LANGUAGE,RELIGION,TITLE,EMP_TYPE,MEMBER_TYPE,BUSINESS_ADDRESS,BUSINESS_FIELD,CUSTOMER_GROUP,CUSTOMER_SEGREGATION,DEPARTMENT,REG_ID,BUSINESS_PHONE,NO_OF_EMP,POTENTIAL_BUYING_PER_MONTH,HOME_PHONE,CORRESPONDENCE_ADDRESS,INFORMED_ABOUT,INTERESTED_PRODUCTS,ID_NUMBER,SOCIAL_MEDIA_ACCTS,VISITED_SUPERMARKETS,INTERESTED_ACTIVITIES,TRIPS_TO_STORE,VEHICLES_OWNED,BANKS,INTERESTS,PIN_ENCRYPTED,CUST_FLD01,CUST_FLD02,CUST_FLD03,CUST_FLD04,CUST_FLD05,CUST_FLD06,CUST_FLD07,CUST_FLD08,CUST_FLD09,CUST_FLD10,CUST_FLD11,CUST_FLD12,TERMINATION_DATE,STAMP_USER) values (1760616000,'id_erosa','2014-02-10 01:54:59','SYSTEM','2014-05-08 05:35:23','1202000040959','ACTIVE','BTTC002',null,'Y',null,'N','Y',null,'TOKO BAPAK SUPRIYADI','02190699833',   '2014-09-08 10:09:08',null,1,null,'N',null,null,'N',null,null,null,null,'Y','SUPRIYADI',null,'SUPRIYADI','1202000040959','FROM_UPLOAD',null,null,'000000000000000',null,null,'$2a$10$xK1EOFGEv/vFHeK2yeyqhuzjYR0h2tzSjlQAwcSFSGqgW5wkEQ9me','Ndx09JDCPA4=',null,null,null,null,'RADI004',null,null,null,null,null,null,null,'C','20001',null,null,'02190699833',null,1,null,'TIER002',null,null,'GEND001',null,'MARI002','NATY001',null,null,null,'RELO001',null,null,'MTYP003',1761892000,null,'CGRP00A','CSEGA001',null,null,'02190699833',null,null,null,'CADD001','INFO005',null,'KTP-3275030501830016',null,null,null,null,null,null,null,'Y',null,null,null,null,null,null,null,null,null,null,null,null,null,null);
Insert into CRM_MEMBER (ID,CREATED_BY,CREATED_DATETIME,LAST_UPDATED_BY,LAST_UPDATED_DATETIME,ACCOUNT_ID,STATUS,TIME_TO_CALL,CARD_NO,ACCEPT_EMAIL,ACCEPT_MAIL,ACCEPT_PHONE,ACCEPT_SMS,SMS,COMPANY_NAME,CONTACT,BIRTHDATE,CARS_OWNED,CHILDREN_COUNT,CLOSEST_STORE,CREDIT_CARD_OWNERSHIP,DOMESTIC_HELPERS,FAX_NO,INSURANCE_OWNERSHIP,NAME_NATIVE,PLACE_OF_BIRTH,POSTAL_CODE,EMAIL,ACCOUNT_ENABLED,FIRST_NAME,KTP,LAST_NAME,LOYALTY_CARD_NO,CREATED_FROM,MIDDLE_NAME,NPWP_ADDRESS,NPWP_ID,NPWP_NAME,PARENT_ACCOUNT_ID,PASSWORD,PIN,BUSINESS_EMAIL,BUSINESS_LICENSE,BUSINESS_NAME,POSITION,RADIUS,TRANS_CODE_1,TRANS_CODE_2,TRANS_CODE_3,TRANS_CODE_4,TRANS_CODE_LONG1,TRANS_CODE_LONG2,TRANS_CODE_SHORT,ZONE,REGISTERED_STORE,STORE_NAME,TOTAL_POINTS,USERNAME,VALIDATION_CODE,VERSION,ADDRESS,CARD_TYPE,EDUCATION,FAMILY_SIZE,GENDER,HOUSEHOLD_INCOME,MARITAL_STATUS,NATIONALITY,OCCUPATION,PERSONAL_INCOME,PREFERED_LANGUAGE,RELIGION,TITLE,EMP_TYPE,MEMBER_TYPE,BUSINESS_ADDRESS,BUSINESS_FIELD,CUSTOMER_GROUP,CUSTOMER_SEGREGATION,DEPARTMENT,REG_ID,BUSINESS_PHONE,NO_OF_EMP,POTENTIAL_BUYING_PER_MONTH,HOME_PHONE,CORRESPONDENCE_ADDRESS,INFORMED_ABOUT,INTERESTED_PRODUCTS,ID_NUMBER,SOCIAL_MEDIA_ACCTS,VISITED_SUPERMARKETS,INTERESTED_ACTIVITIES,TRIPS_TO_STORE,VEHICLES_OWNED,BANKS,INTERESTS,PIN_ENCRYPTED,CUST_FLD01,CUST_FLD02,CUST_FLD03,CUST_FLD04,CUST_FLD05,CUST_FLD06,CUST_FLD07,CUST_FLD08,CUST_FLD09,CUST_FLD10,CUST_FLD11,CUST_FLD12,TERMINATION_DATE,STAMP_USER) values (1760618000,'id_erosa','2014-02-10 01:54:59','SYSTEM','2014-05-08 05:35:23','1202000040966','ACTIVE','BTTC002',null,'Y',null,'N','Y',null,'WARUNG BAMBU','082112076609',	    '2014-09-08 10:09:08',null,3,null,'N',null,null,'N',null,null,null,null,'Y','UPIK',null,'MANIK','1202000040966','FROM_UPLOAD',null,null,'000000000000000',null,null,'$2a$10$8nUwv/rcdAe7qApNjBDnEe8d/hnqO8uvb5H8wEbCy8.UcGPSGNEJO','fBzYJGMh8aM=',null,null,null,'OWNER','RADI004',null,null,null,null,null,null,null,'C','20001',null,null,'082112076609',null,1,null,'TIER002',null,null,'GEND002',null,'MARI002','NATY001',null,null,null,'RELO001',null,null,'MTYP003',1761893000,null,'CGRP00A','CSEGA005',null,null,'082112076609',null,null,null,'CADD001','INFO005',null,'KTP-3216056106790002',null,null,null,null,null,null,null,'Y',null,null,null,null,null,null,null,null,null,null,null,null,null,null);
