Insert into CRM_REF_LOOKUP_DTL (CODE,DESCRIPTION,STATUS, HDR) values ('CSEGC027','ALL PARTY/EVENT CATERERS','ACTIVE','CMP001');
Insert into CRM_REF_LOOKUP_DTL (CODE,DESCRIPTION,STATUS, HDR) values ('CSEGC064','MID CLASS BAKERY/CAKES SHOP','ACTIVE','CMP001');

Insert into CRM_MEMBER (COMPANY_NAME,CREATED_DATETIME,CUSTOMER_SEGREGATION,ACCOUNT_ID) values ('CATERING PRETTY',PARSEDATETIME('2013-03-13','yyyy-MM-dd'),'CSEGC027','0000000000001');
Insert into CRM_MEMBER (COMPANY_NAME,CREATED_DATETIME,CUSTOMER_SEGREGATION,ACCOUNT_ID) values ('NUANSA BAKERY',PARSEDATETIME('2013-04-08 16:52:38.238000000','yyyy-MM-dd'),'CSEGC064','0000000000002');
Insert into CRM_MEMBER (COMPANY_NAME,CREATED_DATETIME,CUSTOMER_SEGREGATION,ACCOUNT_ID) values ('VERY VERY VERY VERY LONG MEMBER NAME 123',PARSEDATETIME('2013-11-21 12:24:40.771000000','yyyy-MM-dd'),null,'0000000000003');

Insert into CRM_MEMBER (COMPANY_NAME,CREATED_DATETIME,CUSTOMER_SEGREGATION,ACCOUNT_ID) values ('CATERING PRETTY',PARSEDATETIME('2014-03-13','yyyy-MM-dd'),'CSEGC027','0000000000004');
Insert into CRM_MEMBER (COMPANY_NAME,CREATED_DATETIME,CUSTOMER_SEGREGATION,ACCOUNT_ID) values ('NUANSA BAKERY',PARSEDATETIME('2014-04-08 16:52:38.238000000','yyyy-MM-dd'),'CSEGC064','0000000000005');
Insert into CRM_MEMBER (COMPANY_NAME,CREATED_DATETIME,CUSTOMER_SEGREGATION,ACCOUNT_ID) values ('VERY VERY VERY VERY LONG MEMBER NAME 123',PARSEDATETIME('2014-11-21 12:24:40.771000000','yyyy-MM-dd'),null,'0000000000006');

Insert into TAX_INVOICE (CUSTOMER_NUMBER,CUSTOMER_NAME,POS_TXN_ID) values ('0000000000001','CLOUD XAVIER','200010010001171');
Insert into TAX_INVOICE (CUSTOMER_NUMBER,CUSTOMER_NAME,POS_TXN_ID) values ('0000000000001','CLOUD XAVIER','200010010001172');
Insert into TAX_INVOICE (CUSTOMER_NUMBER,CUSTOMER_NAME,POS_TXN_ID) values ('0000000000003','XAVIER','200010010001173');
Insert into TAX_INVOICE (CUSTOMER_NUMBER,CUSTOMER_NAME,POS_TXN_ID) values ('0000000000003','XAVIER','200010010001174');
Insert into TAX_INVOICE (CUSTOMER_NUMBER,CUSTOMER_NAME,POS_TXN_ID) values ('0000000000003','CLOUD','200010010001175');


Insert into TAX_INVOICE (CUSTOMER_NUMBER,CUSTOMER_NAME,POS_TXN_ID) values ('0000000000005','XCLOUDX','200010010001176');
Insert into TAX_INVOICE (CUSTOMER_NUMBER,CUSTOMER_NAME,POS_TXN_ID) values ('0000000000005','XCLOUDX','200010010001177');
Insert into TAX_INVOICE (CUSTOMER_NUMBER,CUSTOMER_NAME,POS_TXN_ID) values ('0000000000007','CLOUDX','200010010001178');
Insert into TAX_INVOICE (CUSTOMER_NUMBER,CUSTOMER_NAME,POS_TXN_ID) values ('0000000000007','CLOUDX','200010010001179');
Insert into TAX_INVOICE (CUSTOMER_NUMBER,CUSTOMER_NAME,POS_TXN_ID) values ('0000000000006','XCLOUD','200010010001180');



Insert into POS_TRANSACTION (ID,TOTAL_AMOUNT,TOTAL_DISCOUNT,VOIDED_DISCOUNT,ROUNDING_AMOUNT,TARIFF,VAT,TOTAL_NON_MEMBER_MARKUP,TRANSACTION_DATE,TYPE,SALES_DATE,STATUS,CUSTOMER_ID) values ('200010010001171',23900,0,0,0,21727.2727272727,2172.72727272727,0,PARSEDATETIME('2013-04-16','yyyy-MM-dd'),'SALE',PARSEDATETIME('2014-04-16','yyyy-MM-dd'),'COMPLETED','0000000000001');
Insert into POS_TRANSACTION (ID,TOTAL_AMOUNT,TOTAL_DISCOUNT,VOIDED_DISCOUNT,ROUNDING_AMOUNT,TARIFF,VAT,TOTAL_NON_MEMBER_MARKUP,TRANSACTION_DATE,TYPE,SALES_DATE,STATUS,CUSTOMER_ID) values ('200010010001172',239000,0,0,0,36363.6363636364,3636.36363636364,0,PARSEDATETIME('2013-05-16','yyyy-MM-dd'),'SALE',PARSEDATETIME('2014-04-16','yyyy-MM-dd'),'COMPLETED','0000000000001');
Insert into POS_TRANSACTION (ID,TOTAL_AMOUNT,TOTAL_DISCOUNT,VOIDED_DISCOUNT,ROUNDING_AMOUNT,TARIFF,VAT,TOTAL_NON_MEMBER_MARKUP,TRANSACTION_DATE,TYPE,SALES_DATE,STATUS,CUSTOMER_ID) values ('200010010001173',168239,0,0,-39,152944.545454545,15294.4545454545,8011,PARSEDATETIME('2013-11-30','yyyy-MM-dd'),'SALE',PARSEDATETIME('2014-04-16','yyyy-MM-dd'),'COMPLETED','0000000000003');
Insert into POS_TRANSACTION (ID,TOTAL_AMOUNT,TOTAL_DISCOUNT,VOIDED_DISCOUNT,ROUNDING_AMOUNT,TARIFF,VAT,TOTAL_NON_MEMBER_MARKUP,TRANSACTION_DATE,TYPE,SALES_DATE,STATUS,CUSTOMER_ID) values ('200010010001174',300825,86700,0,-25,194659.090909091,19465.9090909091,14325,PARSEDATETIME('2013-12-25','yyyy-MM-dd'),'SALE',PARSEDATETIME('2014-04-16','yyyy-MM-dd'),'COMPLETED','0000000000003');
Insert into POS_TRANSACTION (ID,TOTAL_AMOUNT,TOTAL_DISCOUNT,VOIDED_DISCOUNT,ROUNDING_AMOUNT,TARIFF,VAT,TOTAL_NON_MEMBER_MARKUP,TRANSACTION_DATE,TYPE,SALES_DATE,STATUS,CUSTOMER_ID) values ('200010010001175',813500,0,0,0,739545.454545455,73954.5454545455,0,PARSEDATETIME('2013-07-21','yyyy-MM-dd'),'SALE',PARSEDATETIME('2014-04-16','yyyy-MM-dd'),'COMPLETED','0000000000003');

Insert into POS_TRANSACTION (ID,TOTAL_AMOUNT,TOTAL_DISCOUNT,VOIDED_DISCOUNT,ROUNDING_AMOUNT,TARIFF,VAT,TOTAL_NON_MEMBER_MARKUP,TRANSACTION_DATE,TYPE,SALES_DATE,STATUS,CUSTOMER_ID) values ('200010010001176',23900,0,0,0,21727.2727272727,2172.72727272727,0,PARSEDATETIME('2014-04-16','yyyy-MM-dd'),'SALE',PARSEDATETIME('2014-04-16','yyyy-MM-dd'),'COMPLETED','0000000000005');
Insert into POS_TRANSACTION (ID,TOTAL_AMOUNT,TOTAL_DISCOUNT,VOIDED_DISCOUNT,ROUNDING_AMOUNT,TARIFF,VAT,TOTAL_NON_MEMBER_MARKUP,TRANSACTION_DATE,TYPE,SALES_DATE,STATUS,CUSTOMER_ID) values ('200010010001177',239000,0,0,0,36363.6363636364,3636.36363636364,0,PARSEDATETIME('2014-05-16','yyyy-MM-dd'),'SALE',PARSEDATETIME('2014-04-16','yyyy-MM-dd'),'COMPLETED','0000000000005');
Insert into POS_TRANSACTION (ID,TOTAL_AMOUNT,TOTAL_DISCOUNT,VOIDED_DISCOUNT,ROUNDING_AMOUNT,TARIFF,VAT,TOTAL_NON_MEMBER_MARKUP,TRANSACTION_DATE,TYPE,SALES_DATE,STATUS,CUSTOMER_ID) values ('200010010001178',168239,0,0,-39,152944.545454545,15294.4545454545,8011,PARSEDATETIME('2014-11-30','yyyy-MM-dd'),'SALE',PARSEDATETIME('2014-04-16','yyyy-MM-dd'),'COMPLETED','0000000000007');
Insert into POS_TRANSACTION (ID,TOTAL_AMOUNT,TOTAL_DISCOUNT,VOIDED_DISCOUNT,ROUNDING_AMOUNT,TARIFF,VAT,TOTAL_NON_MEMBER_MARKUP,TRANSACTION_DATE,TYPE,SALES_DATE,STATUS,CUSTOMER_ID) values ('200010010001179',300825,86700,0,-25,194659.090909091,19465.9090909091,14325,PARSEDATETIME('2014-12-25','yyyy-MM-dd'),'SALE',PARSEDATETIME('2014-04-16','yyyy-MM-dd'),'COMPLETED','0000000000007');
Insert into POS_TRANSACTION (ID,TOTAL_AMOUNT,TOTAL_DISCOUNT,VOIDED_DISCOUNT,ROUNDING_AMOUNT,TARIFF,VAT,TOTAL_NON_MEMBER_MARKUP,TRANSACTION_DATE,TYPE,SALES_DATE,STATUS,CUSTOMER_ID) values ('200010010001180',813500,0,0,0,739545.454545455,73954.5454545455,0,PARSEDATETIME('2014-07-21','yyyy-MM-dd'),'SALE',PARSEDATETIME('2014-04-16','yyyy-MM-dd'),'COMPLETED','0000000000006');
