--------------------------------------------------------
--  File created - Thursday-April-03-2014
--------------------------------------------------------

Insert into CRM_PROVINCE (ID,CREATED_BY,CREATED_DATETIME,LAST_UPDATED_BY,LAST_UPDATED_DATETIME,NAME) values (1,null,null,null,null,'Aceh');
Insert into CRM_PROVINCE (ID,CREATED_BY,CREATED_DATETIME,LAST_UPDATED_BY,LAST_UPDATED_DATETIME,NAME) values (2,null,null,null,null,'Bali');
Insert into CRM_PROVINCE (ID,CREATED_BY,CREATED_DATETIME,LAST_UPDATED_BY,LAST_UPDATED_DATETIME,NAME) values (3,null,null,null,null,'Bangka Belitung');
Insert into CRM_PROVINCE (ID,CREATED_BY,CREATED_DATETIME,LAST_UPDATED_BY,LAST_UPDATED_DATETIME,NAME) values (4,null,null,null,null,'Banten');
Insert into CRM_PROVINCE (ID,CREATED_BY,CREATED_DATETIME,LAST_UPDATED_BY,LAST_UPDATED_DATETIME,NAME) values (5,null,null,null,null,'Bengkulu');
Insert into CRM_PROVINCE (ID,CREATED_BY,CREATED_DATETIME,LAST_UPDATED_BY,LAST_UPDATED_DATETIME,NAME) values (6,null,null,null,null,'Gorontalo');
Insert into CRM_PROVINCE (ID,CREATED_BY,CREATED_DATETIME,LAST_UPDATED_BY,LAST_UPDATED_DATETIME,NAME) values (7,null,null,null,null,'Jakarta');
Insert into CRM_PROVINCE (ID,CREATED_BY,CREATED_DATETIME,LAST_UPDATED_BY,LAST_UPDATED_DATETIME,NAME) values (8,null,null,null,null,'Jambi');
Insert into CRM_PROVINCE (ID,CREATED_BY,CREATED_DATETIME,LAST_UPDATED_BY,LAST_UPDATED_DATETIME,NAME) values (9,null,null,null,null,'Jawa Barat');
Insert into CRM_PROVINCE (ID,CREATED_BY,CREATED_DATETIME,LAST_UPDATED_BY,LAST_UPDATED_DATETIME,NAME) values (10,null,null,null,null,'Jawa Tengah');
Insert into CRM_PROVINCE (ID,CREATED_BY,CREATED_DATETIME,LAST_UPDATED_BY,LAST_UPDATED_DATETIME,NAME) values (11,null,null,null,null,'Jawa Timur');
Insert into CRM_PROVINCE (ID,CREATED_BY,CREATED_DATETIME,LAST_UPDATED_BY,LAST_UPDATED_DATETIME,NAME) values (12,null,null,null,null,'Kalimantan Barat');
Insert into CRM_PROVINCE (ID,CREATED_BY,CREATED_DATETIME,LAST_UPDATED_BY,LAST_UPDATED_DATETIME,NAME) values (13,null,null,null,null,'Kalimantan Selatan');
Insert into CRM_PROVINCE (ID,CREATED_BY,CREATED_DATETIME,LAST_UPDATED_BY,LAST_UPDATED_DATETIME,NAME) values (14,null,null,null,null,'Kalimantan Tengah');
Insert into CRM_PROVINCE (ID,CREATED_BY,CREATED_DATETIME,LAST_UPDATED_BY,LAST_UPDATED_DATETIME,NAME) values (15,null,null,null,null,'Kalimantan Timur');
Insert into CRM_PROVINCE (ID,CREATED_BY,CREATED_DATETIME,LAST_UPDATED_BY,LAST_UPDATED_DATETIME,NAME) values (16,null,null,null,null,'Kepulauan Riau');
Insert into CRM_PROVINCE (ID,CREATED_BY,CREATED_DATETIME,LAST_UPDATED_BY,LAST_UPDATED_DATETIME,NAME) values (17,null,null,null,null,'Lampung');
Insert into CRM_PROVINCE (ID,CREATED_BY,CREATED_DATETIME,LAST_UPDATED_BY,LAST_UPDATED_DATETIME,NAME) values (18,null,null,null,null,'Maluku Utara');
Insert into CRM_PROVINCE (ID,CREATED_BY,CREATED_DATETIME,LAST_UPDATED_BY,LAST_UPDATED_DATETIME,NAME) values (19,null,null,null,null,'Maluku');
Insert into CRM_PROVINCE (ID,CREATED_BY,CREATED_DATETIME,LAST_UPDATED_BY,LAST_UPDATED_DATETIME,NAME) values (20,null,null,null,null,'Nusa Tenggara Barat');
Insert into CRM_PROVINCE (ID,CREATED_BY,CREATED_DATETIME,LAST_UPDATED_BY,LAST_UPDATED_DATETIME,NAME) values (21,null,null,null,null,'Nusa Tenggara Timur');
Insert into CRM_PROVINCE (ID,CREATED_BY,CREATED_DATETIME,LAST_UPDATED_BY,LAST_UPDATED_DATETIME,NAME) values (22,null,null,null,null,'Papua Barat');
Insert into CRM_PROVINCE (ID,CREATED_BY,CREATED_DATETIME,LAST_UPDATED_BY,LAST_UPDATED_DATETIME,NAME) values (23,null,null,null,null,'Papua');
Insert into CRM_PROVINCE (ID,CREATED_BY,CREATED_DATETIME,LAST_UPDATED_BY,LAST_UPDATED_DATETIME,NAME) values (24,null,null,null,null,'Riau');
Insert into CRM_PROVINCE (ID,CREATED_BY,CREATED_DATETIME,LAST_UPDATED_BY,LAST_UPDATED_DATETIME,NAME) values (25,null,null,null,null,'Sulawesi Selatan');
Insert into CRM_PROVINCE (ID,CREATED_BY,CREATED_DATETIME,LAST_UPDATED_BY,LAST_UPDATED_DATETIME,NAME) values (26,null,null,null,null,'Sulawesi Tengah');
Insert into CRM_PROVINCE (ID,CREATED_BY,CREATED_DATETIME,LAST_UPDATED_BY,LAST_UPDATED_DATETIME,NAME) values (27,null,null,null,null,'Sulawesi Tenggara');
Insert into CRM_PROVINCE (ID,CREATED_BY,CREATED_DATETIME,LAST_UPDATED_BY,LAST_UPDATED_DATETIME,NAME) values (28,null,null,null,null,'Sulawesi Utara');
Insert into CRM_PROVINCE (ID,CREATED_BY,CREATED_DATETIME,LAST_UPDATED_BY,LAST_UPDATED_DATETIME,NAME) values (29,null,null,null,null,'Sumatera Barat');
Insert into CRM_PROVINCE (ID,CREATED_BY,CREATED_DATETIME,LAST_UPDATED_BY,LAST_UPDATED_DATETIME,NAME) values (30,null,null,null,null,'Sumatera Selatan');
Insert into CRM_PROVINCE (ID,CREATED_BY,CREATED_DATETIME,LAST_UPDATED_BY,LAST_UPDATED_DATETIME,NAME) values (31,null,null,null,null,'Sumatera Utara');
Insert into CRM_PROVINCE (ID,CREATED_BY,CREATED_DATETIME,LAST_UPDATED_BY,LAST_UPDATED_DATETIME,NAME) values (32,null,null,null,null,'Yogyakarta');

Insert into CRM_CITY (ID,CREATED_BY,CREATED_DATETIME,LAST_UPDATED_BY,LAST_UPDATED_DATETIME,NAME,PROVINCE) values (1,null,null,null,null,'Banda Aceh',1);
Insert into CRM_CITY (ID,CREATED_BY,CREATED_DATETIME,LAST_UPDATED_BY,LAST_UPDATED_DATETIME,NAME,PROVINCE) values (2,null,null,null,null,'Langsa',1);
Insert into CRM_CITY (ID,CREATED_BY,CREATED_DATETIME,LAST_UPDATED_BY,LAST_UPDATED_DATETIME,NAME,PROVINCE) values (3,null,null,null,null,'Lhokseumawe',1);
Insert into CRM_CITY (ID,CREATED_BY,CREATED_DATETIME,LAST_UPDATED_BY,LAST_UPDATED_DATETIME,NAME,PROVINCE) values (4,null,null,null,null,'Sabang',1);
Insert into CRM_CITY (ID,CREATED_BY,CREATED_DATETIME,LAST_UPDATED_BY,LAST_UPDATED_DATETIME,NAME,PROVINCE) values (5,null,null,null,null,'Subulussalam',1);
Insert into CRM_CITY (ID,CREATED_BY,CREATED_DATETIME,LAST_UPDATED_BY,LAST_UPDATED_DATETIME,NAME,PROVINCE) values (6,null,null,null,null,'Denpasar',2);
Insert into CRM_CITY (ID,CREATED_BY,CREATED_DATETIME,LAST_UPDATED_BY,LAST_UPDATED_DATETIME,NAME,PROVINCE) values (7,null,null,null,null,'Pangkalpinang',3);
Insert into CRM_CITY (ID,CREATED_BY,CREATED_DATETIME,LAST_UPDATED_BY,LAST_UPDATED_DATETIME,NAME,PROVINCE) values (8,null,null,null,null,'Cilegon',4);
Insert into CRM_CITY (ID,CREATED_BY,CREATED_DATETIME,LAST_UPDATED_BY,LAST_UPDATED_DATETIME,NAME,PROVINCE) values (9,null,null,null,null,'Serang',4);
Insert into CRM_CITY (ID,CREATED_BY,CREATED_DATETIME,LAST_UPDATED_BY,LAST_UPDATED_DATETIME,NAME,PROVINCE) values (10,null,null,null,null,'Tangerang Selatan',4);
Insert into CRM_CITY (ID,CREATED_BY,CREATED_DATETIME,LAST_UPDATED_BY,LAST_UPDATED_DATETIME,NAME,PROVINCE) values (11,null,null,null,null,'Tangerang',4);
Insert into CRM_CITY (ID,CREATED_BY,CREATED_DATETIME,LAST_UPDATED_BY,LAST_UPDATED_DATETIME,NAME,PROVINCE) values (12,null,null,null,null,'Bengkulu',5);
Insert into CRM_CITY (ID,CREATED_BY,CREATED_DATETIME,LAST_UPDATED_BY,LAST_UPDATED_DATETIME,NAME,PROVINCE) values (13,null,null,null,null,'Gorontalo',6);
Insert into CRM_CITY (ID,CREATED_BY,CREATED_DATETIME,LAST_UPDATED_BY,LAST_UPDATED_DATETIME,NAME,PROVINCE) values (14,null,null,null,null,'Kota Administrasi Jakarta Barat',7);
Insert into CRM_CITY (ID,CREATED_BY,CREATED_DATETIME,LAST_UPDATED_BY,LAST_UPDATED_DATETIME,NAME,PROVINCE) values (15,null,null,null,null,'Kota Administrasi Jakarta Pusat',7);
Insert into CRM_CITY (ID,CREATED_BY,CREATED_DATETIME,LAST_UPDATED_BY,LAST_UPDATED_DATETIME,NAME,PROVINCE) values (16,null,null,null,null,'Kota Administrasi Jakarta Selatan',7);
Insert into CRM_CITY (ID,CREATED_BY,CREATED_DATETIME,LAST_UPDATED_BY,LAST_UPDATED_DATETIME,NAME,PROVINCE) values (17,null,null,null,null,'Kota Administrasi Jakarta Timur',7);
Insert into CRM_CITY (ID,CREATED_BY,CREATED_DATETIME,LAST_UPDATED_BY,LAST_UPDATED_DATETIME,NAME,PROVINCE) values (18,null,null,null,null,'Kota Administrasi Jakarta Utara',7);
Insert into CRM_CITY (ID,CREATED_BY,CREATED_DATETIME,LAST_UPDATED_BY,LAST_UPDATED_DATETIME,NAME,PROVINCE) values (19,null,null,null,null,'Sungai Penuh',8);
Insert into CRM_CITY (ID,CREATED_BY,CREATED_DATETIME,LAST_UPDATED_BY,LAST_UPDATED_DATETIME,NAME,PROVINCE) values (20,null,null,null,null,'Jambi',8);
Insert into CRM_CITY (ID,CREATED_BY,CREATED_DATETIME,LAST_UPDATED_BY,LAST_UPDATED_DATETIME,NAME,PROVINCE) values (21,null,null,null,null,'Bandung',9);
Insert into CRM_CITY (ID,CREATED_BY,CREATED_DATETIME,LAST_UPDATED_BY,LAST_UPDATED_DATETIME,NAME,PROVINCE) values (22,null,null,null,null,'Bekasi',9);
Insert into CRM_CITY (ID,CREATED_BY,CREATED_DATETIME,LAST_UPDATED_BY,LAST_UPDATED_DATETIME,NAME,PROVINCE) values (23,null,null,null,null,'Bogor',9);
Insert into CRM_CITY (ID,CREATED_BY,CREATED_DATETIME,LAST_UPDATED_BY,LAST_UPDATED_DATETIME,NAME,PROVINCE) values (24,null,null,null,null,'Cimahi',9);
Insert into CRM_CITY (ID,CREATED_BY,CREATED_DATETIME,LAST_UPDATED_BY,LAST_UPDATED_DATETIME,NAME,PROVINCE) values (25,null,null,null,null,'Cirebon',9);
Insert into CRM_CITY (ID,CREATED_BY,CREATED_DATETIME,LAST_UPDATED_BY,LAST_UPDATED_DATETIME,NAME,PROVINCE) values (26,null,null,null,null,'Depok',9);
Insert into CRM_CITY (ID,CREATED_BY,CREATED_DATETIME,LAST_UPDATED_BY,LAST_UPDATED_DATETIME,NAME,PROVINCE) values (27,null,null,null,null,'Sukabumi',9);
Insert into CRM_CITY (ID,CREATED_BY,CREATED_DATETIME,LAST_UPDATED_BY,LAST_UPDATED_DATETIME,NAME,PROVINCE) values (28,null,null,null,null,'Tasikmalaya',9);
Insert into CRM_CITY (ID,CREATED_BY,CREATED_DATETIME,LAST_UPDATED_BY,LAST_UPDATED_DATETIME,NAME,PROVINCE) values (29,null,null,null,null,'Banjar',9);
Insert into CRM_CITY (ID,CREATED_BY,CREATED_DATETIME,LAST_UPDATED_BY,LAST_UPDATED_DATETIME,NAME,PROVINCE) values (30,null,null,null,null,'Magelang',10);
Insert into CRM_CITY (ID,CREATED_BY,CREATED_DATETIME,LAST_UPDATED_BY,LAST_UPDATED_DATETIME,NAME,PROVINCE) values (31,null,null,null,null,'Pekalongan',10);
Insert into CRM_CITY (ID,CREATED_BY,CREATED_DATETIME,LAST_UPDATED_BY,LAST_UPDATED_DATETIME,NAME,PROVINCE) values (32,null,null,null,null,'Purwokerto',10);
Insert into CRM_CITY (ID,CREATED_BY,CREATED_DATETIME,LAST_UPDATED_BY,LAST_UPDATED_DATETIME,NAME,PROVINCE) values (33,null,null,null,null,'Salatiga',10);
Insert into CRM_CITY (ID,CREATED_BY,CREATED_DATETIME,LAST_UPDATED_BY,LAST_UPDATED_DATETIME,NAME,PROVINCE) values (34,null,null,null,null,'Semarang',10);
Insert into CRM_CITY (ID,CREATED_BY,CREATED_DATETIME,LAST_UPDATED_BY,LAST_UPDATED_DATETIME,NAME,PROVINCE) values (35,null,null,null,null,'Surakarta',10);
Insert into CRM_CITY (ID,CREATED_BY,CREATED_DATETIME,LAST_UPDATED_BY,LAST_UPDATED_DATETIME,NAME,PROVINCE) values (36,null,null,null,null,'Tegal',10);
Insert into CRM_CITY (ID,CREATED_BY,CREATED_DATETIME,LAST_UPDATED_BY,LAST_UPDATED_DATETIME,NAME,PROVINCE) values (37,null,null,null,null,'Batu',11);
Insert into CRM_CITY (ID,CREATED_BY,CREATED_DATETIME,LAST_UPDATED_BY,LAST_UPDATED_DATETIME,NAME,PROVINCE) values (38,null,null,null,null,'Blitar',11);
Insert into CRM_CITY (ID,CREATED_BY,CREATED_DATETIME,LAST_UPDATED_BY,LAST_UPDATED_DATETIME,NAME,PROVINCE) values (39,null,null,null,null,'Kediri',11);
Insert into CRM_CITY (ID,CREATED_BY,CREATED_DATETIME,LAST_UPDATED_BY,LAST_UPDATED_DATETIME,NAME,PROVINCE) values (40,null,null,null,null,'Madiun',11);
Insert into CRM_CITY (ID,CREATED_BY,CREATED_DATETIME,LAST_UPDATED_BY,LAST_UPDATED_DATETIME,NAME,PROVINCE) values (41,null,null,null,null,'Malang',11);
Insert into CRM_CITY (ID,CREATED_BY,CREATED_DATETIME,LAST_UPDATED_BY,LAST_UPDATED_DATETIME,NAME,PROVINCE) values (42,null,null,null,null,'Mojokerto',11);
Insert into CRM_CITY (ID,CREATED_BY,CREATED_DATETIME,LAST_UPDATED_BY,LAST_UPDATED_DATETIME,NAME,PROVINCE) values (43,null,null,null,null,'Pasuruan',11);
Insert into CRM_CITY (ID,CREATED_BY,CREATED_DATETIME,LAST_UPDATED_BY,LAST_UPDATED_DATETIME,NAME,PROVINCE) values (44,null,null,null,null,'Probolinggo',11);
Insert into CRM_CITY (ID,CREATED_BY,CREATED_DATETIME,LAST_UPDATED_BY,LAST_UPDATED_DATETIME,NAME,PROVINCE) values (45,null,null,null,null,'Surabaya',11);
Insert into CRM_CITY (ID,CREATED_BY,CREATED_DATETIME,LAST_UPDATED_BY,LAST_UPDATED_DATETIME,NAME,PROVINCE) values (46,null,null,null,null,'Pontianak',12);
Insert into CRM_CITY (ID,CREATED_BY,CREATED_DATETIME,LAST_UPDATED_BY,LAST_UPDATED_DATETIME,NAME,PROVINCE) values (47,null,null,null,null,'Singkawang',12);
Insert into CRM_CITY (ID,CREATED_BY,CREATED_DATETIME,LAST_UPDATED_BY,LAST_UPDATED_DATETIME,NAME,PROVINCE) values (48,null,null,null,null,'Banjarbaru',13);
Insert into CRM_CITY (ID,CREATED_BY,CREATED_DATETIME,LAST_UPDATED_BY,LAST_UPDATED_DATETIME,NAME,PROVINCE) values (49,null,null,null,null,'Banjarmasin',13);
Insert into CRM_CITY (ID,CREATED_BY,CREATED_DATETIME,LAST_UPDATED_BY,LAST_UPDATED_DATETIME,NAME,PROVINCE) values (50,null,null,null,null,'Palangkaraya',14);
Insert into CRM_CITY (ID,CREATED_BY,CREATED_DATETIME,LAST_UPDATED_BY,LAST_UPDATED_DATETIME,NAME,PROVINCE) values (51,null,null,null,null,'Balikpapan',15);
Insert into CRM_CITY (ID,CREATED_BY,CREATED_DATETIME,LAST_UPDATED_BY,LAST_UPDATED_DATETIME,NAME,PROVINCE) values (52,null,null,null,null,'Bontang',15);
Insert into CRM_CITY (ID,CREATED_BY,CREATED_DATETIME,LAST_UPDATED_BY,LAST_UPDATED_DATETIME,NAME,PROVINCE) values (53,null,null,null,null,'Samarinda',15);
Insert into CRM_CITY (ID,CREATED_BY,CREATED_DATETIME,LAST_UPDATED_BY,LAST_UPDATED_DATETIME,NAME,PROVINCE) values (54,null,null,null,null,'Tarakan',15);
Insert into CRM_CITY (ID,CREATED_BY,CREATED_DATETIME,LAST_UPDATED_BY,LAST_UPDATED_DATETIME,NAME,PROVINCE) values (55,null,null,null,null,'Batam',16);
Insert into CRM_CITY (ID,CREATED_BY,CREATED_DATETIME,LAST_UPDATED_BY,LAST_UPDATED_DATETIME,NAME,PROVINCE) values (56,null,null,null,null,'Tanjungpinang',16);
Insert into CRM_CITY (ID,CREATED_BY,CREATED_DATETIME,LAST_UPDATED_BY,LAST_UPDATED_DATETIME,NAME,PROVINCE) values (57,null,null,null,null,'Bandar Lampung',17);
Insert into CRM_CITY (ID,CREATED_BY,CREATED_DATETIME,LAST_UPDATED_BY,LAST_UPDATED_DATETIME,NAME,PROVINCE) values (58,null,null,null,null,'Metro',17);
Insert into CRM_CITY (ID,CREATED_BY,CREATED_DATETIME,LAST_UPDATED_BY,LAST_UPDATED_DATETIME,NAME,PROVINCE) values (59,null,null,null,null,'Ternate',18);
Insert into CRM_CITY (ID,CREATED_BY,CREATED_DATETIME,LAST_UPDATED_BY,LAST_UPDATED_DATETIME,NAME,PROVINCE) values (60,null,null,null,null,'Tidore Kepulauan',18);
Insert into CRM_CITY (ID,CREATED_BY,CREATED_DATETIME,LAST_UPDATED_BY,LAST_UPDATED_DATETIME,NAME,PROVINCE) values (61,null,null,null,null,'Ambon',19);
Insert into CRM_CITY (ID,CREATED_BY,CREATED_DATETIME,LAST_UPDATED_BY,LAST_UPDATED_DATETIME,NAME,PROVINCE) values (62,null,null,null,null,'Tual',19);
Insert into CRM_CITY (ID,CREATED_BY,CREATED_DATETIME,LAST_UPDATED_BY,LAST_UPDATED_DATETIME,NAME,PROVINCE) values (63,null,null,null,null,'Bima',20);
Insert into CRM_CITY (ID,CREATED_BY,CREATED_DATETIME,LAST_UPDATED_BY,LAST_UPDATED_DATETIME,NAME,PROVINCE) values (64,null,null,null,null,'Mataram',20);
Insert into CRM_CITY (ID,CREATED_BY,CREATED_DATETIME,LAST_UPDATED_BY,LAST_UPDATED_DATETIME,NAME,PROVINCE) values (65,null,null,null,null,'Kupang',21);
Insert into CRM_CITY (ID,CREATED_BY,CREATED_DATETIME,LAST_UPDATED_BY,LAST_UPDATED_DATETIME,NAME,PROVINCE) values (66,null,null,null,null,'Sorong',22);
Insert into CRM_CITY (ID,CREATED_BY,CREATED_DATETIME,LAST_UPDATED_BY,LAST_UPDATED_DATETIME,NAME,PROVINCE) values (67,null,null,null,null,'Jayapura',23);
Insert into CRM_CITY (ID,CREATED_BY,CREATED_DATETIME,LAST_UPDATED_BY,LAST_UPDATED_DATETIME,NAME,PROVINCE) values (68,null,null,null,null,'Dumai',24);
Insert into CRM_CITY (ID,CREATED_BY,CREATED_DATETIME,LAST_UPDATED_BY,LAST_UPDATED_DATETIME,NAME,PROVINCE) values (69,null,null,null,null,'Pekanbaru',24);
Insert into CRM_CITY (ID,CREATED_BY,CREATED_DATETIME,LAST_UPDATED_BY,LAST_UPDATED_DATETIME,NAME,PROVINCE) values (70,null,null,null,null,'Makassar',25);
Insert into CRM_CITY (ID,CREATED_BY,CREATED_DATETIME,LAST_UPDATED_BY,LAST_UPDATED_DATETIME,NAME,PROVINCE) values (71,null,null,null,null,'Palopo',25);
Insert into CRM_CITY (ID,CREATED_BY,CREATED_DATETIME,LAST_UPDATED_BY,LAST_UPDATED_DATETIME,NAME,PROVINCE) values (72,null,null,null,null,'Parepare',25);
Insert into CRM_CITY (ID,CREATED_BY,CREATED_DATETIME,LAST_UPDATED_BY,LAST_UPDATED_DATETIME,NAME,PROVINCE) values (73,null,null,null,null,'Palu',26);
Insert into CRM_CITY (ID,CREATED_BY,CREATED_DATETIME,LAST_UPDATED_BY,LAST_UPDATED_DATETIME,NAME,PROVINCE) values (74,null,null,null,null,'Bau-Bau',27);
Insert into CRM_CITY (ID,CREATED_BY,CREATED_DATETIME,LAST_UPDATED_BY,LAST_UPDATED_DATETIME,NAME,PROVINCE) values (75,null,null,null,null,'Kendari',27);
Insert into CRM_CITY (ID,CREATED_BY,CREATED_DATETIME,LAST_UPDATED_BY,LAST_UPDATED_DATETIME,NAME,PROVINCE) values (76,null,null,null,null,'Bitung',28);
Insert into CRM_CITY (ID,CREATED_BY,CREATED_DATETIME,LAST_UPDATED_BY,LAST_UPDATED_DATETIME,NAME,PROVINCE) values (77,null,null,null,null,'Kotamobagu',28);
Insert into CRM_CITY (ID,CREATED_BY,CREATED_DATETIME,LAST_UPDATED_BY,LAST_UPDATED_DATETIME,NAME,PROVINCE) values (78,null,null,null,null,'Manado',28);
Insert into CRM_CITY (ID,CREATED_BY,CREATED_DATETIME,LAST_UPDATED_BY,LAST_UPDATED_DATETIME,NAME,PROVINCE) values (79,null,null,null,null,'Tomohon',28);
Insert into CRM_CITY (ID,CREATED_BY,CREATED_DATETIME,LAST_UPDATED_BY,LAST_UPDATED_DATETIME,NAME,PROVINCE) values (80,null,null,null,null,'Bukittinggi',29);
Insert into CRM_CITY (ID,CREATED_BY,CREATED_DATETIME,LAST_UPDATED_BY,LAST_UPDATED_DATETIME,NAME,PROVINCE) values (81,null,null,null,null,'Padang',29);
Insert into CRM_CITY (ID,CREATED_BY,CREATED_DATETIME,LAST_UPDATED_BY,LAST_UPDATED_DATETIME,NAME,PROVINCE) values (82,null,null,null,null,'Padangpanjang',29);
Insert into CRM_CITY (ID,CREATED_BY,CREATED_DATETIME,LAST_UPDATED_BY,LAST_UPDATED_DATETIME,NAME,PROVINCE) values (83,null,null,null,null,'Pariaman',29);
Insert into CRM_CITY (ID,CREATED_BY,CREATED_DATETIME,LAST_UPDATED_BY,LAST_UPDATED_DATETIME,NAME,PROVINCE) values (84,null,null,null,null,'Payakumbuh',29);
Insert into CRM_CITY (ID,CREATED_BY,CREATED_DATETIME,LAST_UPDATED_BY,LAST_UPDATED_DATETIME,NAME,PROVINCE) values (85,null,null,null,null,'Sawahlunto',29);
Insert into CRM_CITY (ID,CREATED_BY,CREATED_DATETIME,LAST_UPDATED_BY,LAST_UPDATED_DATETIME,NAME,PROVINCE) values (86,null,null,null,null,'Solok',29);
Insert into CRM_CITY (ID,CREATED_BY,CREATED_DATETIME,LAST_UPDATED_BY,LAST_UPDATED_DATETIME,NAME,PROVINCE) values (87,null,null,null,null,'Lubuklinggau',30);
Insert into CRM_CITY (ID,CREATED_BY,CREATED_DATETIME,LAST_UPDATED_BY,LAST_UPDATED_DATETIME,NAME,PROVINCE) values (88,null,null,null,null,'Pagaralam',30);
Insert into CRM_CITY (ID,CREATED_BY,CREATED_DATETIME,LAST_UPDATED_BY,LAST_UPDATED_DATETIME,NAME,PROVINCE) values (89,null,null,null,null,'Palembang',30);
Insert into CRM_CITY (ID,CREATED_BY,CREATED_DATETIME,LAST_UPDATED_BY,LAST_UPDATED_DATETIME,NAME,PROVINCE) values (90,null,null,null,null,'Prabumulih',30);
Insert into CRM_CITY (ID,CREATED_BY,CREATED_DATETIME,LAST_UPDATED_BY,LAST_UPDATED_DATETIME,NAME,PROVINCE) values (91,null,null,null,null,'Binjai',31);
Insert into CRM_CITY (ID,CREATED_BY,CREATED_DATETIME,LAST_UPDATED_BY,LAST_UPDATED_DATETIME,NAME,PROVINCE) values (92,null,null,null,null,'Medan',31);
Insert into CRM_CITY (ID,CREATED_BY,CREATED_DATETIME,LAST_UPDATED_BY,LAST_UPDATED_DATETIME,NAME,PROVINCE) values (93,null,null,null,null,'Padang Sidempuan',31);
Insert into CRM_CITY (ID,CREATED_BY,CREATED_DATETIME,LAST_UPDATED_BY,LAST_UPDATED_DATETIME,NAME,PROVINCE) values (94,null,null,null,null,'Pematangsiantar',31);
Insert into CRM_CITY (ID,CREATED_BY,CREATED_DATETIME,LAST_UPDATED_BY,LAST_UPDATED_DATETIME,NAME,PROVINCE) values (95,null,null,null,null,'Sibolga',31);
Insert into CRM_CITY (ID,CREATED_BY,CREATED_DATETIME,LAST_UPDATED_BY,LAST_UPDATED_DATETIME,NAME,PROVINCE) values (96,null,null,null,null,'Tanjungbalai',31);
Insert into CRM_CITY (ID,CREATED_BY,CREATED_DATETIME,LAST_UPDATED_BY,LAST_UPDATED_DATETIME,NAME,PROVINCE) values (97,null,null,null,null,'Tebingtinggi',31);
Insert into CRM_CITY (ID,CREATED_BY,CREATED_DATETIME,LAST_UPDATED_BY,LAST_UPDATED_DATETIME,NAME,PROVINCE) values (98,null,null,null,null,'Yogyakarta',32);

Insert into CRM_REF_LOOKUP_HDR (CODE,DESCRIPTION) values ('MEM021','BANK');
Insert into CRM_REF_LOOKUP_HDR (CODE,DESCRIPTION) values ('PRD003','PRODUCT CLASSIFICATION');
Insert into CRM_REF_LOOKUP_HDR (CODE,DESCRIPTION) values ('MKT007','PAYMENT TYPE WITH WILDCARDS');
Insert into CRM_REF_LOOKUP_HDR (CODE,DESCRIPTION) values ('CPT000','Complaint Status');
Insert into CRM_REF_LOOKUP_HDR (CODE,DESCRIPTION) values ('COM001','COMPANY');
Insert into CRM_REF_LOOKUP_HDR (CODE,DESCRIPTION) values ('MEM022','NO OF EMPLOYEES');
Insert into CRM_REF_LOOKUP_HDR (CODE,DESCRIPTION) values ('MEM023','BUSINESS FIELD');
Insert into CRM_REF_LOOKUP_HDR (CODE,DESCRIPTION) values ('MEM024','BEST TIME TO CALL');
Insert into CRM_REF_LOOKUP_HDR (CODE,DESCRIPTION) values ('MEM025','SOCIAL MEDIA');
Insert into CRM_REF_LOOKUP_HDR (CODE,DESCRIPTION) values ('MEM026','VISITED SUPERMARKETS');
Insert into CRM_REF_LOOKUP_HDR (CODE,DESCRIPTION) values ('MEM027','INTERESTED ACTIVITIES');
Insert into CRM_REF_LOOKUP_HDR (CODE,DESCRIPTION) values ('MEM028','VEHICLES OWNED');
Insert into CRM_REF_LOOKUP_HDR (CODE,DESCRIPTION) values ('MEM029','RADIUS');
Insert into CRM_REF_LOOKUP_HDR (CODE,DESCRIPTION) values ('MEM030','CORRESPONDENCE ADDRESS');
Insert into CRM_REF_LOOKUP_HDR (CODE,DESCRIPTION) values ('MEM031','HOW CUST IS INFORMED');
Insert into CRM_REF_LOOKUP_HDR (CODE,DESCRIPTION) values ('MEM032','INTERESTED PRODUCTS');
Insert into CRM_REF_LOOKUP_HDR (CODE,DESCRIPTION) values ('MEM001','TITLE');
Insert into CRM_REF_LOOKUP_HDR (CODE,DESCRIPTION) values ('MEM002','GENDER');
Insert into CRM_REF_LOOKUP_HDR (CODE,DESCRIPTION) values ('MEM003','NATIONALITY');
Insert into CRM_REF_LOOKUP_HDR (CODE,DESCRIPTION) values ('MEM004','MARITAL STATUS');
Insert into CRM_REF_LOOKUP_HDR (CODE,DESCRIPTION) values ('MEM005','PREFERRED LANGUAGE');
Insert into CRM_REF_LOOKUP_HDR (CODE,DESCRIPTION) values ('MEM006','ACCOUNT STATUS');
Insert into CRM_REF_LOOKUP_HDR (CODE,DESCRIPTION) values ('MEM007','MEMBER TYPE');
Insert into CRM_REF_LOOKUP_HDR (CODE,DESCRIPTION) values ('MEM008','CARD TYPE');
Insert into CRM_REF_LOOKUP_HDR (CODE,DESCRIPTION) values ('MEM009','EDUCATION');
Insert into CRM_REF_LOOKUP_HDR (CODE,DESCRIPTION) values ('MEM010','OCCUPATION');
Insert into CRM_REF_LOOKUP_HDR (CODE,DESCRIPTION) values ('MEM011','PERSONAL INCOME');
Insert into CRM_REF_LOOKUP_HDR (CODE,DESCRIPTION) values ('MEM012','HOUSEHOLD INCOME');
Insert into CRM_REF_LOOKUP_HDR (CODE,DESCRIPTION) values ('MEM013','FAMILY SIZE');
Insert into CRM_REF_LOOKUP_HDR (CODE,DESCRIPTION) values ('MEM014','CHILDREN');
Insert into CRM_REF_LOOKUP_HDR (CODE,DESCRIPTION) values ('MEM015','PETS');
Insert into CRM_REF_LOOKUP_HDR (CODE,DESCRIPTION) values ('MEM016','FOOD PREFERENCE');
Insert into CRM_REF_LOOKUP_HDR (CODE,DESCRIPTION) values ('MEM017','INTERESTS');
Insert into CRM_REF_LOOKUP_HDR (CODE,DESCRIPTION) values ('MEM019','RELIGION');
Insert into CRM_REF_LOOKUP_HDR (CODE,DESCRIPTION) values ('MEM020','DEPARTMENT');
Insert into CRM_REF_LOOKUP_HDR (CODE,DESCRIPTION) values ('MKT001','PAYMENT TYPE');
Insert into CRM_REF_LOOKUP_HDR (CODE,DESCRIPTION) values ('MKT002','POINTS ADJUSTMENT');
Insert into CRM_REF_LOOKUP_HDR (CODE,DESCRIPTION) values ('MKT003','AGE FILTER');
Insert into CRM_REF_LOOKUP_HDR (CODE,DESCRIPTION) values ('MKT004','DAYS');
Insert into CRM_REF_LOOKUP_HDR (CODE,DESCRIPTION) values ('MKT005','REWARD TYPE');
Insert into CRM_REF_LOOKUP_HDR (CODE,DESCRIPTION) values ('MKT006','PROMOTION TYPE');
Insert into CRM_REF_LOOKUP_HDR (CODE,DESCRIPTION) values ('INV001','INVENTORY LOCATION');
Insert into CRM_REF_LOOKUP_HDR (CODE,DESCRIPTION) values ('REST001','MESSAGE CODE');
Insert into CRM_REF_LOOKUP_HDR (CODE,DESCRIPTION) values ('GEN001','OPERANDS');
Insert into CRM_REF_LOOKUP_HDR (CODE,DESCRIPTION) values ('GEN002','FIELD TYPE');
Insert into CRM_REF_LOOKUP_HDR (CODE,DESCRIPTION) values ('GEN003','GENERAL STATUS TYPE');
Insert into CRM_REF_LOOKUP_HDR (CODE,DESCRIPTION) values ('APM001','EMPLOYEE APPROVED PAYMENT MEDIA');
Insert into CRM_REF_LOOKUP_HDR (CODE,DESCRIPTION) values ('APM002','EMPLOYEE CARD NUMBER FILTER');
Insert into CRM_REF_LOOKUP_HDR (CODE,DESCRIPTION) values ('PRD001','PRODUCT GROUP CLASSIFICATION');
Insert into CRM_REF_LOOKUP_HDR (CODE,DESCRIPTION) values ('PRD002','PRODUCT GROUP SUBCLASSIFICATION');
Insert into CRM_REF_LOOKUP_HDR (CODE,DESCRIPTION) values ('CMP001','CUSTOMER GROUP');
Insert into CRM_REF_LOOKUP_HDR (CODE,DESCRIPTION) values ('CMP002','CUSTOMER SEGMENTATION');
Insert into CRM_REF_LOOKUP_HDR (CODE,DESCRIPTION) values ('LYT001','MANUFACTURE ORDER STATUS');
Insert into CRM_REF_LOOKUP_HDR (CODE,DESCRIPTION) values ('LYT002','VENDORS');
Insert into CRM_REF_LOOKUP_HDR (CODE,DESCRIPTION) values ('EMP001','EMPLOYEE TYPE');
Insert into CRM_REF_LOOKUP_HDR (CODE,DESCRIPTION) values ('LYT003','LOYALTY CARD INVENTORY STATUS');

Insert into CRM_REF_LOOKUP_DTL (CODE,DESCRIPTION,STATUS,HDR) values ('BANK001','HSBC','ACTIVE','MEM021');
Insert into CRM_REF_LOOKUP_DTL (CODE,DESCRIPTION,STATUS,HDR) values ('BANK002','CITI','ACTIVE','MEM021');
Insert into CRM_REF_LOOKUP_DTL (CODE,DESCRIPTION,STATUS,HDR) values ('BANK003','JPMORGAN CHASE','ACTIVE','MEM021');
Insert into CRM_REF_LOOKUP_DTL (CODE,DESCRIPTION,STATUS,HDR) values ('PCFN001','DIVISION','ACTIVE','PRD003');
Insert into CRM_REF_LOOKUP_DTL (CODE,DESCRIPTION,STATUS,HDR) values ('PCFN002','DEPARTMENT','ACTIVE','PRD003');
Insert into CRM_REF_LOOKUP_DTL (CODE,DESCRIPTION,STATUS,HDR) values ('PCFN003','GROUP','ACTIVE','PRD003');
Insert into CRM_REF_LOOKUP_DTL (CODE,DESCRIPTION,STATUS,HDR) values ('PCFN004','FAMILY','ACTIVE','PRD003');
Insert into CRM_REF_LOOKUP_DTL (CODE,DESCRIPTION,STATUS,HDR) values ('PCFN005','SUBFAMILY','ACTIVE','PRD003');
Insert into CRM_REF_LOOKUP_DTL (CODE,DESCRIPTION,STATUS,HDR) values ('LINV008','MISSING','ACTIVE','LYT003');
Insert into CRM_REF_LOOKUP_DTL (CODE,DESCRIPTION,STATUS,HDR) values ('LINV009','BURNED','ACTIVE','LYT003');
Insert into CRM_REF_LOOKUP_DTL (CODE,DESCRIPTION,STATUS,HDR) values ('RWRD004','ITEM POINT','ACTIVE','MKT005');
Insert into CRM_REF_LOOKUP_DTL (CODE,DESCRIPTION,STATUS,HDR) values ('MSGC007','INVALID PIN','ACTIVE','REST001');
Insert into CRM_REF_LOOKUP_DTL (CODE,DESCRIPTION,STATUS,HDR) values ('MSGC008','INVALID PARAMETER','ACTIVE','REST001');
Insert into CRM_REF_LOOKUP_DTL (CODE,DESCRIPTION,STATUS,HDR) values ('MSGC009','RECORD NOT FOUND','ACTIVE','REST001');
Insert into CRM_REF_LOOKUP_DTL (CODE,DESCRIPTION,STATUS,HDR) values ('LINV010','FOUND','ACTIVE','LYT003');
Insert into CRM_REF_LOOKUP_DTL (CODE,DESCRIPTION,STATUS,HDR) values ('PTYP009','ECS','ACTIVE','MKT007');
Insert into CRM_REF_LOOKUP_DTL (CODE,DESCRIPTION,STATUS,HDR) values ('CPTS001','New','ACTIVE','CPT000');
Insert into CRM_REF_LOOKUP_DTL (CODE,DESCRIPTION,STATUS,HDR) values ('CPTS002','Assigned','ACTIVE','CPT000');
Insert into CRM_REF_LOOKUP_DTL (CODE,DESCRIPTION,STATUS,HDR) values ('CPTS003','Reassigned','ACTIVE','CPT000');
Insert into CRM_REF_LOOKUP_DTL (CODE,DESCRIPTION,STATUS,HDR) values ('CPTS004','In Progress','ACTIVE','CPT000');
Insert into CRM_REF_LOOKUP_DTL (CODE,DESCRIPTION,STATUS,HDR) values ('CPTS005','Resolved','ACTIVE','CPT000');
Insert into CRM_REF_LOOKUP_DTL (CODE,DESCRIPTION,STATUS,HDR) values ('NOEM001','<5','ACTIVE','MEM022');
Insert into CRM_REF_LOOKUP_DTL (CODE,DESCRIPTION,STATUS,HDR) values ('NOEM002','5-9','ACTIVE','MEM022');
Insert into CRM_REF_LOOKUP_DTL (CODE,DESCRIPTION,STATUS,HDR) values ('NOEM003','10-49','ACTIVE','MEM022');
Insert into CRM_REF_LOOKUP_DTL (CODE,DESCRIPTION,STATUS,HDR) values ('NOEM004','50-100','ACTIVE','MEM022');
Insert into CRM_REF_LOOKUP_DTL (CODE,DESCRIPTION,STATUS,HDR) values ('NOEM005','>100','ACTIVE','MEM022');
Insert into CRM_REF_LOOKUP_DTL (CODE,DESCRIPTION,STATUS,HDR) values ('MSGC010','SUPPLEMENTARY NOT ALLOWED','ACTIVE','REST001');
Insert into CRM_REF_LOOKUP_DTL (CODE,DESCRIPTION,STATUS,HDR) values ('MSGC011','NO LOYALTY CARD','ACTIVE','REST001');
Insert into CRM_REF_LOOKUP_DTL (CODE,DESCRIPTION,STATUS,HDR) values ('BTTC001','9-12AM','ACTIVE','MEM024');
Insert into CRM_REF_LOOKUP_DTL (CODE,DESCRIPTION,STATUS,HDR) values ('BTTC002','2-5PM','ACTIVE','MEM024');
Insert into CRM_REF_LOOKUP_DTL (CODE,DESCRIPTION,STATUS,HDR) values ('BTTC003','6-9PM','ACTIVE','MEM024');
Insert into CRM_REF_LOOKUP_DTL (CODE,DESCRIPTION,STATUS,HDR) values ('SOCM001','Facebook','ACTIVE','MEM025');
Insert into CRM_REF_LOOKUP_DTL (CODE,DESCRIPTION,STATUS,HDR) values ('SOCM002','Twitter','ACTIVE','MEM025');
Insert into CRM_REF_LOOKUP_DTL (CODE,DESCRIPTION,STATUS,HDR) values ('SOCM003','Instagram','ACTIVE','MEM025');
Insert into CRM_REF_LOOKUP_DTL (CODE,DESCRIPTION,STATUS,HDR) values ('SOCM004','Pinterest','ACTIVE','MEM025');
Insert into CRM_REF_LOOKUP_DTL (CODE,DESCRIPTION,STATUS,HDR) values ('SOCM005','Others','ACTIVE','MEM025');
Insert into CRM_REF_LOOKUP_DTL (CODE,DESCRIPTION,STATUS,HDR) values ('VISS001','Hypermart','ACTIVE','MEM026');
Insert into CRM_REF_LOOKUP_DTL (CODE,DESCRIPTION,STATUS,HDR) values ('VISS002','Lotte Mart','ACTIVE','MEM026');
Insert into CRM_REF_LOOKUP_DTL (CODE,DESCRIPTION,STATUS,HDR) values ('VISS003','Superindo','ACTIVE','MEM026');
Insert into CRM_REF_LOOKUP_DTL (CODE,DESCRIPTION,STATUS,HDR) values ('VISS004','Hero','ACTIVE','MEM026');
Insert into CRM_REF_LOOKUP_DTL (CODE,DESCRIPTION,STATUS,HDR) values ('VISS005','Ranch Market','ACTIVE','MEM026');
Insert into CRM_REF_LOOKUP_DTL (CODE,DESCRIPTION,STATUS,HDR) values ('VISS006','Indomaret','ACTIVE','MEM026');
Insert into CRM_REF_LOOKUP_DTL (CODE,DESCRIPTION,STATUS,HDR) values ('VISS007','Alfa Mart','ACTIVE','MEM026');
Insert into CRM_REF_LOOKUP_DTL (CODE,DESCRIPTION,STATUS,HDR) values ('VISS008','Foodhall','ACTIVE','MEM026');
Insert into CRM_REF_LOOKUP_DTL (CODE,DESCRIPTION,STATUS,HDR) values ('IACT001','Travelling','ACTIVE','MEM027');
Insert into CRM_REF_LOOKUP_DTL (CODE,DESCRIPTION,STATUS,HDR) values ('IACT002','Music','ACTIVE','MEM027');
Insert into CRM_REF_LOOKUP_DTL (CODE,DESCRIPTION,STATUS,HDR) values ('IACT003','Electronics & Gadgets','ACTIVE','MEM027');
Insert into CRM_REF_LOOKUP_DTL (CODE,DESCRIPTION,STATUS,HDR) values ('IACT004','Pet','ACTIVE','MEM027');
Insert into CRM_REF_LOOKUP_DTL (CODE,DESCRIPTION,STATUS,HDR) values ('IACT005','Sport','ACTIVE','MEM027');
Insert into CRM_REF_LOOKUP_DTL (CODE,DESCRIPTION,STATUS,HDR) values ('IACT006','Bike','ACTIVE','MEM027');
Insert into CRM_REF_LOOKUP_DTL (CODE,DESCRIPTION,STATUS,HDR) values ('IACT007','Automotive','ACTIVE','MEM027');
Insert into CRM_REF_LOOKUP_DTL (CODE,DESCRIPTION,STATUS,HDR) values ('IACT008','Photography','ACTIVE','MEM027');
Insert into CRM_REF_LOOKUP_DTL (CODE,DESCRIPTION,STATUS,HDR) values ('VEHO001','Car','ACTIVE','MEM028');
Insert into CRM_REF_LOOKUP_DTL (CODE,DESCRIPTION,STATUS,HDR) values ('VEHO002','Motorbike','ACTIVE','MEM028');
Insert into CRM_REF_LOOKUP_DTL (CODE,DESCRIPTION,STATUS,HDR) values ('VEHO003','Bicycle','ACTIVE','MEM028');
Insert into CRM_REF_LOOKUP_DTL (CODE,DESCRIPTION,STATUS,HDR) values ('RADI001','<1km','ACTIVE','MEM029');
Insert into CRM_REF_LOOKUP_DTL (CODE,DESCRIPTION,STATUS,HDR) values ('RADI002','1-5km','ACTIVE','MEM029');
Insert into CRM_REF_LOOKUP_DTL (CODE,DESCRIPTION,STATUS,HDR) values ('RADI003','>5km','ACTIVE','MEM029');
Insert into CRM_REF_LOOKUP_DTL (CODE,DESCRIPTION,STATUS,HDR) values ('CADD001','BUSINESS ADDRESS','ACTIVE','MEM030');
Insert into CRM_REF_LOOKUP_DTL (CODE,DESCRIPTION,STATUS,HDR) values ('CADD002','HOME ADDRESS','ACTIVE','MEM030');
Insert into CRM_REF_LOOKUP_DTL (CODE,DESCRIPTION,STATUS,HDR) values ('INFO001','FRIENDS','ACTIVE','MEM031');
Insert into CRM_REF_LOOKUP_DTL (CODE,DESCRIPTION,STATUS,HDR) values ('INFO002','ADVERTISEMENTS','ACTIVE','MEM031');
Insert into CRM_REF_LOOKUP_DTL (CODE,DESCRIPTION,STATUS,HDR) values ('INFO003','WEBSITE','ACTIVE','MEM031');
Insert into CRM_REF_LOOKUP_DTL (CODE,DESCRIPTION,STATUS,HDR) values ('INFO004','SOCIAL MEDIA','ACTIVE','MEM031');
Insert into CRM_REF_LOOKUP_DTL (CODE,DESCRIPTION,STATUS,HDR) values ('INFO005','OTHERS','ACTIVE','MEM031');
Insert into CRM_REF_LOOKUP_DTL (CODE,DESCRIPTION,STATUS,HDR) values ('IPRD001','APPLIANCES (HANDPHONE, TV, REFRIGERATOR, AC, ETC.)','ACTIVE','MEM032');
Insert into CRM_REF_LOOKUP_DTL (CODE,DESCRIPTION,STATUS,HDR) values ('IPRD002','FRESH (MEAT, FISH, FRUIT, VEGETABLES)','ACTIVE','MEM032');
Insert into CRM_REF_LOOKUP_DTL (CODE,DESCRIPTION,STATUS,HDR) values ('IPRD003','GROCERIES, FOOD, DRINK, MILK','ACTIVE','MEM032');
Insert into CRM_REF_LOOKUP_DTL (CODE,DESCRIPTION,STATUS,HDR) values ('IPRD004','TEXTILE','ACTIVE','MEM032');
Insert into CRM_REF_LOOKUP_DTL (CODE,DESCRIPTION,STATUS,HDR) values ('IPRD005','HOUSEHOLD','ACTIVE','MEM032');
Insert into CRM_REF_LOOKUP_DTL (CODE,DESCRIPTION,STATUS,HDR) values ('TITL001','MR','ACTIVE','MEM001');
Insert into CRM_REF_LOOKUP_DTL (CODE,DESCRIPTION,STATUS,HDR) values ('TITL002','MRS','ACTIVE','MEM001');
Insert into CRM_REF_LOOKUP_DTL (CODE,DESCRIPTION,STATUS,HDR) values ('TITL003','MISS','ACTIVE','MEM001');
Insert into CRM_REF_LOOKUP_DTL (CODE,DESCRIPTION,STATUS,HDR) values ('TITL004','MADAM','ACTIVE','MEM001');
Insert into CRM_REF_LOOKUP_DTL (CODE,DESCRIPTION,STATUS,HDR) values ('GEND001','MALE','ACTIVE','MEM002');
Insert into CRM_REF_LOOKUP_DTL (CODE,DESCRIPTION,STATUS,HDR) values ('GEND002','FEMALE','ACTIVE','MEM002');
Insert into CRM_REF_LOOKUP_DTL (CODE,DESCRIPTION,STATUS,HDR) values ('GEND003','NOT SELECTED','ACTIVE','MEM002');
Insert into CRM_REF_LOOKUP_DTL (CODE,DESCRIPTION,STATUS,HDR) values ('NATY001','INDONESIAN','ACTIVE','MEM003');
Insert into CRM_REF_LOOKUP_DTL (CODE,DESCRIPTION,STATUS,HDR) values ('NATY002','FILIPINO','ACTIVE','MEM003');
Insert into CRM_REF_LOOKUP_DTL (CODE,DESCRIPTION,STATUS,HDR) values ('NATY003','AMERICAN','ACTIVE','MEM003');
Insert into CRM_REF_LOOKUP_DTL (CODE,DESCRIPTION,STATUS,HDR) values ('NATY004','CHINESE','ACTIVE','MEM003');
Insert into CRM_REF_LOOKUP_DTL (CODE,DESCRIPTION,STATUS,HDR) values ('NATY005','MALAYSIAN','ACTIVE','MEM003');
Insert into CRM_REF_LOOKUP_DTL (CODE,DESCRIPTION,STATUS,HDR) values ('MARI001','SINGLE','ACTIVE','MEM004');
Insert into CRM_REF_LOOKUP_DTL (CODE,DESCRIPTION,STATUS,HDR) values ('MARI002','MARRIED','ACTIVE','MEM004');
Insert into CRM_REF_LOOKUP_DTL (CODE,DESCRIPTION,STATUS,HDR) values ('MARI003','DIVORCE','ACTIVE','MEM004');
Insert into CRM_REF_LOOKUP_DTL (CODE,DESCRIPTION,STATUS,HDR) values ('LANG001','BAHASSA','ACTIVE','MEM005');
Insert into CRM_REF_LOOKUP_DTL (CODE,DESCRIPTION,STATUS,HDR) values ('LANG002','ENGLISH','ACTIVE','MEM005');
Insert into CRM_REF_LOOKUP_DTL (CODE,DESCRIPTION,STATUS,HDR) values ('LANG003','CHINESE','ACTIVE','MEM005');
Insert into CRM_REF_LOOKUP_DTL (CODE,DESCRIPTION,STATUS,HDR) values ('ASTA001','ACTIVE','ACTIVE','MEM006');
Insert into CRM_REF_LOOKUP_DTL (CODE,DESCRIPTION,STATUS,HDR) values ('ASTA002','DISABLE','ACTIVE','MEM006');
Insert into CRM_REF_LOOKUP_DTL (CODE,DESCRIPTION,STATUS,HDR) values ('ASTA003','ON HOLD','ACTIVE','MEM006');
Insert into CRM_REF_LOOKUP_DTL (CODE,DESCRIPTION,STATUS,HDR) values ('MTYP001','INDIVIDUAL','ACTIVE','MEM007');
Insert into CRM_REF_LOOKUP_DTL (CODE,DESCRIPTION,STATUS,HDR) values ('MTYP002','EMPLOYEE','ACTIVE','MEM007');
Insert into CRM_REF_LOOKUP_DTL (CODE,DESCRIPTION,STATUS,HDR) values ('MTYP003','PROFESSIONAL','ACTIVE','MEM007');
Insert into CRM_REF_LOOKUP_DTL (CODE,DESCRIPTION,STATUS,HDR) values ('TIER001','REGULAR','ACTIVE','MEM008');
Insert into CRM_REF_LOOKUP_DTL (CODE,DESCRIPTION,STATUS,HDR) values ('TIER002','SILVER','ACTIVE','MEM008');
Insert into CRM_REF_LOOKUP_DTL (CODE,DESCRIPTION,STATUS,HDR) values ('TIER003','GOLD','ACTIVE','MEM008');
Insert into CRM_REF_LOOKUP_DTL (CODE,DESCRIPTION,STATUS,HDR) values ('EDUC001','NO CERTIFICATE','ACTIVE','MEM009');
Insert into CRM_REF_LOOKUP_DTL (CODE,DESCRIPTION,STATUS,HDR) values ('EDUC002','PRIMARY SCHOOL','ACTIVE','MEM009');
Insert into CRM_REF_LOOKUP_DTL (CODE,DESCRIPTION,STATUS,HDR) values ('EDUC003','SECONDARY SCHOOL','ACTIVE','MEM009');
Insert into CRM_REF_LOOKUP_DTL (CODE,DESCRIPTION,STATUS,HDR) values ('EDUC004','TERTIARY SCHOOL','ACTIVE','MEM009');
Insert into CRM_REF_LOOKUP_DTL (CODE,DESCRIPTION,STATUS,HDR) values ('EDUC005','GRADUATE SCHOOL','ACTIVE','MEM009');
Insert into CRM_REF_LOOKUP_DTL (CODE,DESCRIPTION,STATUS,HDR) values ('EDUC006','PHD','ACTIVE','MEM009');
Insert into CRM_REF_LOOKUP_DTL (CODE,DESCRIPTION,STATUS,HDR) values ('OCCU001','JOBLESS','ACTIVE','MEM010');
Insert into CRM_REF_LOOKUP_DTL (CODE,DESCRIPTION,STATUS,HDR) values ('OCCU002','HOUSEWIFE','ACTIVE','MEM010');
Insert into CRM_REF_LOOKUP_DTL (CODE,DESCRIPTION,STATUS,HDR) values ('OCCU003','PROFESSIONAL','ACTIVE','MEM010');
Insert into CRM_REF_LOOKUP_DTL (CODE,DESCRIPTION,STATUS,HDR) values ('OCCU004','STUDENT','ACTIVE','MEM010');
Insert into CRM_REF_LOOKUP_DTL (CODE,DESCRIPTION,STATUS,HDR) values ('PINC001','BELOW 1000','ACTIVE','MEM011');
Insert into CRM_REF_LOOKUP_DTL (CODE,DESCRIPTION,STATUS,HDR) values ('PINC002','1001 - 3000','ACTIVE','MEM011');
Insert into CRM_REF_LOOKUP_DTL (CODE,DESCRIPTION,STATUS,HDR) values ('PINC003','3001 - 4000','ACTIVE','MEM011');
Insert into CRM_REF_LOOKUP_DTL (CODE,DESCRIPTION,STATUS,HDR) values ('PINC004','4001 - ABOVE','ACTIVE','MEM011');
Insert into CRM_REF_LOOKUP_DTL (CODE,DESCRIPTION,STATUS,HDR) values ('HINC001','BELOW 1000','ACTIVE','MEM012');
Insert into CRM_REF_LOOKUP_DTL (CODE,DESCRIPTION,STATUS,HDR) values ('HINC002','1001 - 3000','ACTIVE','MEM012');
Insert into CRM_REF_LOOKUP_DTL (CODE,DESCRIPTION,STATUS,HDR) values ('HINC003','3001 - 4000','ACTIVE','MEM012');
Insert into CRM_REF_LOOKUP_DTL (CODE,DESCRIPTION,STATUS,HDR) values ('HINC004','4001 - ABOVE','ACTIVE','MEM012');
Insert into CRM_REF_LOOKUP_DTL (CODE,DESCRIPTION,STATUS,HDR) values ('FSIZ001','1 ONLY','ACTIVE','MEM013');
Insert into CRM_REF_LOOKUP_DTL (CODE,DESCRIPTION,STATUS,HDR) values ('FSIZ002','2 - 3 MEMBERS','ACTIVE','MEM013');
Insert into CRM_REF_LOOKUP_DTL (CODE,DESCRIPTION,STATUS,HDR) values ('FSIZ003','3 - 5 MEMBERS','ACTIVE','MEM013');
Insert into CRM_REF_LOOKUP_DTL (CODE,DESCRIPTION,STATUS,HDR) values ('FSIZ004','6 OR MORE','ACTIVE','MEM013');
Insert into CRM_REF_LOOKUP_DTL (CODE,DESCRIPTION,STATUS,HDR) values ('CHIL001','NO CHILDREN','ACTIVE','MEM014');
Insert into CRM_REF_LOOKUP_DTL (CODE,DESCRIPTION,STATUS,HDR) values ('CHIL002','1 CHILD','ACTIVE','MEM014');
Insert into CRM_REF_LOOKUP_DTL (CODE,DESCRIPTION,STATUS,HDR) values ('CHIL003','2 - 3 CHILDREN','ACTIVE','MEM014');
Insert into CRM_REF_LOOKUP_DTL (CODE,DESCRIPTION,STATUS,HDR) values ('PETO001','DOG','ACTIVE','MEM015');
Insert into CRM_REF_LOOKUP_DTL (CODE,DESCRIPTION,STATUS,HDR) values ('PETO002','CAT','ACTIVE','MEM015');
Insert into CRM_REF_LOOKUP_DTL (CODE,DESCRIPTION,STATUS,HDR) values ('PETO003','FISH','ACTIVE','MEM015');
Insert into CRM_REF_LOOKUP_DTL (CODE,DESCRIPTION,STATUS,HDR) values ('FOOD001','LOCAL FOOD','ACTIVE','MEM016');
Insert into CRM_REF_LOOKUP_DTL (CODE,DESCRIPTION,STATUS,HDR) values ('FOOD002','WESTERN FOOD','ACTIVE','MEM016');
Insert into CRM_REF_LOOKUP_DTL (CODE,DESCRIPTION,STATUS,HDR) values ('FOOD003','CHINESE FOOD','ACTIVE','MEM016');
Insert into CRM_REF_LOOKUP_DTL (CODE,DESCRIPTION,STATUS,HDR) values ('FOOD004','FAST FOOD','ACTIVE','MEM016');
Insert into CRM_REF_LOOKUP_DTL (CODE,DESCRIPTION,STATUS,HDR) values ('INTR001','READING BOOKS','ACTIVE','MEM017');
Insert into CRM_REF_LOOKUP_DTL (CODE,DESCRIPTION,STATUS,HDR) values ('INTR002','SPORTS','ACTIVE','MEM017');
Insert into CRM_REF_LOOKUP_DTL (CODE,DESCRIPTION,STATUS,HDR) values ('INTR003','OUTDOORS','ACTIVE','MEM017');
Insert into CRM_REF_LOOKUP_DTL (CODE,DESCRIPTION,STATUS,HDR) values ('RELO001','ISLAM','ACTIVE','MEM019');
Insert into CRM_REF_LOOKUP_DTL (CODE,DESCRIPTION,STATUS,HDR) values ('RELO002','CHRISTIAN','ACTIVE','MEM019');
Insert into CRM_REF_LOOKUP_DTL (CODE,DESCRIPTION,STATUS,HDR) values ('RELO003','HINDU','ACTIVE','MEM019');
Insert into CRM_REF_LOOKUP_DTL (CODE,DESCRIPTION,STATUS,HDR) values ('RELO004','JEW','ACTIVE','MEM019');
Insert into CRM_REF_LOOKUP_DTL (CODE,DESCRIPTION,STATUS,HDR) values ('RELO005','HEBREW','ACTIVE','MEM019');
Insert into CRM_REF_LOOKUP_DTL (CODE,DESCRIPTION,STATUS,HDR) values ('RELO006','BUDDHIST','ACTIVE','MEM019');
Insert into CRM_REF_LOOKUP_DTL (CODE,DESCRIPTION,STATUS,HDR) values ('RELO007','ATHEIST','ACTIVE','MEM019');
Insert into CRM_REF_LOOKUP_DTL (CODE,DESCRIPTION,STATUS,HDR) values ('BFLD001','OTHER','ACTIVE','MEM023');
Insert into CRM_REF_LOOKUP_DTL (CODE,DESCRIPTION,STATUS,HDR) values ('BFLD002','INFORMATION TECHNOLOGY','ACTIVE','MEM023');
Insert into CRM_REF_LOOKUP_DTL (CODE,DESCRIPTION,STATUS,HDR) values ('BFLD003','HUMAN RESOURCES','ACTIVE','MEM023');
Insert into CRM_REF_LOOKUP_DTL (CODE,DESCRIPTION,STATUS,HDR) values ('BFLD004','TELECOMMUNCATION','ACTIVE','MEM023');
Insert into CRM_REF_LOOKUP_DTL (CODE,DESCRIPTION,STATUS,HDR) values ('BFLD005','ACADEMICS','ACTIVE','MEM023');
Insert into CRM_REF_LOOKUP_DTL (CODE,DESCRIPTION,STATUS,HDR) values ('PTYP001','CASH','ACTIVE','MKT001');
Insert into CRM_REF_LOOKUP_DTL (CODE,DESCRIPTION,STATUS,HDR) values ('PTYP002','GIFT CARD','ACTIVE','MKT001');
Insert into CRM_REF_LOOKUP_DTL (CODE,DESCRIPTION,STATUS,HDR) values ('PTYP003','VOUCHER','ACTIVE','MKT001');
Insert into CRM_REF_LOOKUP_DTL (CODE,DESCRIPTION,STATUS,HDR) values ('PTYP004','LOYALTY POINTS','ACTIVE','MKT001');
Insert into CRM_REF_LOOKUP_DTL (CODE,DESCRIPTION,STATUS,HDR) values ('PTYP005','FLAZZ','ACTIVE','MKT001');
Insert into CRM_REF_LOOKUP_DTL (CODE,DESCRIPTION,STATUS,HDR) values ('PTYP006','COUPON','ACTIVE','MKT001');
Insert into CRM_REF_LOOKUP_DTL (CODE,DESCRIPTION,STATUS,HDR) values ('PTYP007','Installment','ACTIVE','MKT001');
Insert into CRM_REF_LOOKUP_DTL (CODE,DESCRIPTION,STATUS,HDR) values ('PTYP008','EFT','ACTIVE','MKT007');
Insert into CRM_REF_LOOKUP_DTL (CODE,DESCRIPTION,STATUS,HDR) values ('PADJ001','POINT NOT ISSUED','ACTIVE','MKT002');
Insert into CRM_REF_LOOKUP_DTL (CODE,DESCRIPTION,STATUS,HDR) values ('PADJ002','DOUBLE POINT ISSUE','ACTIVE','MKT002');
Insert into CRM_REF_LOOKUP_DTL (CODE,DESCRIPTION,STATUS,HDR) values ('PADJ003','DUPLICATE POINT','ACTIVE','MKT002');
Insert into CRM_REF_LOOKUP_DTL (CODE,DESCRIPTION,STATUS,HDR) values ('PADJ004','WRONG VALUE','ACTIVE','MKT002');
Insert into CRM_REF_LOOKUP_DTL (CODE,DESCRIPTION,STATUS,HDR) values ('AGEF001','BELOW 13 YEARS','ACTIVE','MKT003');
Insert into CRM_REF_LOOKUP_DTL (CODE,DESCRIPTION,STATUS,HDR) values ('AGEF002','14 - 18 YEARS','ACTIVE','MKT003');
Insert into CRM_REF_LOOKUP_DTL (CODE,DESCRIPTION,STATUS,HDR) values ('AGEF003','19 - 30 YEARS','ACTIVE','MKT003');
Insert into CRM_REF_LOOKUP_DTL (CODE,DESCRIPTION,STATUS,HDR) values ('AGEF004','31 - 45 YEARS','ACTIVE','MKT003');
Insert into CRM_REF_LOOKUP_DTL (CODE,DESCRIPTION,STATUS,HDR) values ('AGEF005','46 AND OLDER','ACTIVE','MKT003');
Insert into CRM_REF_LOOKUP_DTL (CODE,DESCRIPTION,STATUS,HDR) values ('DAYS001','MONDAY','ACTIVE','MKT004');
Insert into CRM_REF_LOOKUP_DTL (CODE,DESCRIPTION,STATUS,HDR) values ('DAYS002','TUESDAY','ACTIVE','MKT004');
Insert into CRM_REF_LOOKUP_DTL (CODE,DESCRIPTION,STATUS,HDR) values ('DAYS003','WEDNESDAY','ACTIVE','MKT004');
Insert into CRM_REF_LOOKUP_DTL (CODE,DESCRIPTION,STATUS,HDR) values ('DAYS004','THURSDAY','ACTIVE','MKT004');
Insert into CRM_REF_LOOKUP_DTL (CODE,DESCRIPTION,STATUS,HDR) values ('DAYS005','FRIDAY','ACTIVE','MKT004');
Insert into CRM_REF_LOOKUP_DTL (CODE,DESCRIPTION,STATUS,HDR) values ('DAYS006','SATURDAY','ACTIVE','MKT004');
Insert into CRM_REF_LOOKUP_DTL (CODE,DESCRIPTION,STATUS,HDR) values ('DAYS007','SUNDAY','ACTIVE','MKT004');
Insert into CRM_REF_LOOKUP_DTL (CODE,DESCRIPTION,STATUS,HDR) values ('RWRD001','POINTS','ACTIVE','MKT005');
Insert into CRM_REF_LOOKUP_DTL (CODE,DESCRIPTION,STATUS,HDR) values ('PRMO001','BASIC','ACTIVE','MKT006');
Insert into CRM_REF_LOOKUP_DTL (CODE,DESCRIPTION,STATUS,HDR) values ('PRMO002','CUSTOM','ACTIVE','MKT006');
Insert into CRM_REF_LOOKUP_DTL (CODE,DESCRIPTION,STATUS,HDR) values ('MSGC001','MEMBER NOT FOUND','ACTIVE','REST001');
Insert into CRM_REF_LOOKUP_DTL (CODE,DESCRIPTION,STATUS,HDR) values ('MSGC002','NOT ENOUGH POINTS','ACTIVE','REST001');
Insert into CRM_REF_LOOKUP_DTL (CODE,DESCRIPTION,STATUS,HDR) values ('MSGC003','NO POINTS EARNED','ACTIVE','REST001');
Insert into CRM_REF_LOOKUP_DTL (CODE,DESCRIPTION,STATUS,HDR) values ('MSGC004','INTERNAL ERROR','ACTIVE','REST001');
Insert into CRM_REF_LOOKUP_DTL (CODE,DESCRIPTION,STATUS,HDR) values ('MSGC005','NO PAYMENT TYPE DEFINED','ACTIVE','REST001');
Insert into CRM_REF_LOOKUP_DTL (CODE,DESCRIPTION,STATUS,HDR) values ('MSGC006','PAYMENT NOT ALLOWED','ACTIVE','REST001');
Insert into CRM_REF_LOOKUP_DTL (CODE,DESCRIPTION,STATUS,HDR) values ('OPRD001','EQUAL','ACTIVE','GEN001');
Insert into CRM_REF_LOOKUP_DTL (CODE,DESCRIPTION,STATUS,HDR) values ('OPRD002','GREATER THAN','ACTIVE','GEN001');
Insert into CRM_REF_LOOKUP_DTL (CODE,DESCRIPTION,STATUS,HDR) values ('OPRD003','GREATER THAN OR EQUAL','ACTIVE','GEN001');
Insert into CRM_REF_LOOKUP_DTL (CODE,DESCRIPTION,STATUS,HDR) values ('OPRD004','LESS THAN','ACTIVE','GEN001');
Insert into CRM_REF_LOOKUP_DTL (CODE,DESCRIPTION,STATUS,HDR) values ('OPRD005','LESS THAN OR EQUAL','ACTIVE','GEN001');
Insert into CRM_REF_LOOKUP_DTL (CODE,DESCRIPTION,STATUS,HDR) values ('FTYP001','STRING','ACTIVE','GEN002');
Insert into CRM_REF_LOOKUP_DTL (CODE,DESCRIPTION,STATUS,HDR) values ('FTYP002','NUMERIC','ACTIVE','GEN002');
Insert into CRM_REF_LOOKUP_DTL (CODE,DESCRIPTION,STATUS,HDR) values ('STAT001','ACTIVE','ACTIVE','GEN003');
Insert into CRM_REF_LOOKUP_DTL (CODE,DESCRIPTION,STATUS,HDR) values ('STAT002','FOR APPROVAL','ACTIVE','GEN003');
Insert into CRM_REF_LOOKUP_DTL (CODE,DESCRIPTION,STATUS,HDR) values ('STAT003','REJECTED','ACTIVE','GEN003');
Insert into CRM_REF_LOOKUP_DTL (CODE,DESCRIPTION,STATUS,HDR) values ('STAT004','EXPIRED','ACTIVE','GEN003');
Insert into CRM_REF_LOOKUP_DTL (CODE,DESCRIPTION,STATUS,HDR) values ('STAT005','DELETED','ACTIVE','GEN003');
Insert into CRM_REF_LOOKUP_DTL (CODE,DESCRIPTION,STATUS,HDR) values ('STAT006','DRAFT','ACTIVE','GEN003');
Insert into CRM_REF_LOOKUP_DTL (CODE,DESCRIPTION,STATUS,HDR) values ('STAT007','DISABLED','ACTIVE','GEN003');
Insert into CRM_REF_LOOKUP_DTL (CODE,DESCRIPTION,STATUS,HDR) values ('APM001','NUMERIC','ACTIVE','APM001');
Insert into CRM_REF_LOOKUP_DTL (CODE,DESCRIPTION,STATUS,HDR) values ('CLSS001','CLASS1','ACTIVE','PRD001');
Insert into CRM_REF_LOOKUP_DTL (CODE,DESCRIPTION,STATUS,HDR) values ('CLSS002','CLASS2','ACTIVE','PRD001');
Insert into CRM_REF_LOOKUP_DTL (CODE,DESCRIPTION,STATUS,HDR) values ('CLSS003','CLASS3','ACTIVE','PRD001');
Insert into CRM_REF_LOOKUP_DTL (CODE,DESCRIPTION,STATUS,HDR) values ('SCLS001','SUBCLASS1','ACTIVE','PRD002');
Insert into CRM_REF_LOOKUP_DTL (CODE,DESCRIPTION,STATUS,HDR) values ('SCLS002','SUBCLASS2','ACTIVE','PRD002');
Insert into CRM_REF_LOOKUP_DTL (CODE,DESCRIPTION,STATUS,HDR) values ('SCLS003','SUBCLASS3','ACTIVE','PRD002');
Insert into CRM_REF_LOOKUP_DTL (CODE,DESCRIPTION,STATUS,HDR) values ('SCLS004','SUBCLASS4','ACTIVE','PRD002');
Insert into CRM_REF_LOOKUP_DTL (CODE,DESCRIPTION,STATUS,HDR) values ('EAPM001','PTYP001','ACTIVE','APM001');
Insert into CRM_REF_LOOKUP_DTL (CODE,DESCRIPTION,STATUS,HDR) values ('EAPM002','PTYP002','ACTIVE','APM001');
Insert into CRM_REF_LOOKUP_DTL (CODE,DESCRIPTION,STATUS,HDR) values ('EAPM003','PTYP005','ACTIVE','APM001');
Insert into CRM_REF_LOOKUP_DTL (CODE,DESCRIPTION,STATUS,HDR) values ('ECNF001','421408','ACTIVE','APM002');
Insert into CRM_REF_LOOKUP_DTL (CODE,DESCRIPTION,STATUS,HDR) values ('ECNF002','627891','ACTIVE','APM002');
Insert into CRM_REF_LOOKUP_DTL (CODE,DESCRIPTION,STATUS,HDR) values ('ECNF003','601900','ACTIVE','APM002');
Insert into CRM_REF_LOOKUP_DTL (CODE,DESCRIPTION,STATUS,HDR) values ('ECNF004','6*','ACTIVE','APM002');
Insert into CRM_REF_LOOKUP_DTL (CODE,DESCRIPTION,STATUS,HDR) values ('CGRP00A','RETAILER','ACTIVE','CMP001');
Insert into CRM_REF_LOOKUP_DTL (CODE,DESCRIPTION,STATUS,HDR) values ('CGRP00B','TRADER','ACTIVE','CMP001');
Insert into CRM_REF_LOOKUP_DTL (CODE,DESCRIPTION,STATUS,HDR) values ('CGRP00C','HORECA','ACTIVE','CMP001');
Insert into CRM_REF_LOOKUP_DTL (CODE,DESCRIPTION,STATUS,HDR) values ('CGRP00D','SERVICES, COMPANY AND OFFICES','ACTIVE','CMP001');
Insert into CRM_REF_LOOKUP_DTL (CODE,DESCRIPTION,STATUS,HDR) values ('MOST001','DRAFTED','ACTIVE','LYT001');
Insert into CRM_REF_LOOKUP_DTL (CODE,DESCRIPTION,STATUS,HDR) values ('MOST002','FOR APPROVAL','ACTIVE','LYT001');
Insert into CRM_REF_LOOKUP_DTL (CODE,DESCRIPTION,STATUS,HDR) values ('MOST003','APPROVED','ACTIVE','LYT001');
Insert into CRM_REF_LOOKUP_DTL (CODE,DESCRIPTION,STATUS,HDR) values ('VEND001','VENDOR 1','ACTIVE','LYT002');
Insert into CRM_REF_LOOKUP_DTL (CODE,DESCRIPTION,STATUS,HDR) values ('VEND002','VENDOR 2','ACTIVE','LYT002');
Insert into CRM_REF_LOOKUP_DTL (CODE,DESCRIPTION,STATUS,HDR) values ('VEND003','VENDOR 3','ACTIVE','LYT002');
Insert into CRM_REF_LOOKUP_DTL (CODE,DESCRIPTION,STATUS,HDR) values ('VEND004','VENDOR 4','ACTIVE','LYT002');
Insert into CRM_REF_LOOKUP_DTL (CODE,DESCRIPTION,STATUS,HDR) values ('VEND005','VENDOR 5','ACTIVE','LYT002');
Insert into CRM_REF_LOOKUP_DTL (CODE,DESCRIPTION,STATUS,HDR) values ('LINV001','RECEIVED','ACTIVE','LYT003');
Insert into CRM_REF_LOOKUP_DTL (CODE,DESCRIPTION,STATUS,HDR) values ('LINV002','FOR ALLOCATION','ACTIVE','LYT003');
Insert into CRM_REF_LOOKUP_DTL (CODE,DESCRIPTION,STATUS,HDR) values ('LINV003','APPROVED','ACTIVE','LYT003');
Insert into CRM_REF_LOOKUP_DTL (CODE,DESCRIPTION,STATUS,HDR) values ('LINV004','IN TRANSIT','ACTIVE','LYT003');
Insert into CRM_REF_LOOKUP_DTL (CODE,DESCRIPTION,STATUS,HDR) values ('LINV005','ACTIVE','ACTIVE','LYT003');
Insert into CRM_REF_LOOKUP_DTL (CODE,DESCRIPTION,STATUS,HDR) values ('LINV006','TRANSFER-IN','ACTIVE','LYT003');
Insert into CRM_REF_LOOKUP_DTL (CODE,DESCRIPTION,STATUS,HDR) values ('LINV007','DISABLED','ACTIVE','LYT003');
Insert into CRM_REF_LOOKUP_DTL (CODE,DESCRIPTION,STATUS,HDR) values ('INVT001','HEAD OFFICE','ACTIVE','INV001');
Insert into CRM_REF_LOOKUP_DTL (CODE,DESCRIPTION,STATUS,HDR) values ('INVT002','LEBAK BULUS','ACTIVE','INV001');
Insert into CRM_REF_LOOKUP_DTL (CODE,DESCRIPTION,STATUS,HDR) values ('INVT003','DENPASAR','ACTIVE','INV001');
Insert into CRM_REF_LOOKUP_DTL (CODE,DESCRIPTION,STATUS,HDR) values ('INVT004','EXHIBIT','ACTIVE','INV001');
Insert into CRM_REF_LOOKUP_DTL (CODE,DESCRIPTION,STATUS,HDR) values ('EMPT001','PROBATIONARY ASSOCIATE','ACTIVE','EMP001');
Insert into CRM_REF_LOOKUP_DTL (CODE,DESCRIPTION,STATUS,HDR) values ('EMPT002','PERMANENT ASSOCIATE','ACTIVE','EMP001');
Insert into CRM_REF_LOOKUP_DTL (CODE,DESCRIPTION,STATUS,HDR) values ('EMPT003','CONTRACTED ASSOCIATED FULL-TIME','ACTIVE','EMP001');
Insert into CRM_REF_LOOKUP_DTL (CODE,DESCRIPTION,STATUS,HDR) values ('EMPT004','CONTRACTED ASSOCIATED PART-TIME','ACTIVE','EMP001');
Insert into CRM_REF_LOOKUP_DTL (CODE,DESCRIPTION,STATUS,HDR) values ('CSEGA001','SMALL TRADITIONAL TRADE/WARUNG','ACTIVE','CMP002');
Insert into CRM_REF_LOOKUP_DTL (CODE,DESCRIPTION,STATUS,HDR) values ('CSEGA002','MEDIUM TRADITIONAL TRADE/TOKO WITH DELIVERY','ACTIVE','CMP002');
Insert into CRM_REF_LOOKUP_DTL (CODE,DESCRIPTION,STATUS,HDR) values ('CSEGA003','MEDIUM TRADITIONAL TRADE/TOKO NON DELIVERY','ACTIVE','CMP002');
Insert into CRM_REF_LOOKUP_DTL (CODE,DESCRIPTION,STATUS,HDR) values ('CSEGA004','COOPERATION','ACTIVE','CMP002');
Insert into CRM_REF_LOOKUP_DTL (CODE,DESCRIPTION,STATUS,HDR) values ('CSEGA005','KIOSK AT STREET MARKET','ACTIVE','CMP002');
Insert into CRM_REF_LOOKUP_DTL (CODE,DESCRIPTION,STATUS,HDR) values ('CSEGA006','KIOSK AT TRAIN STATION','ACTIVE','CMP002');
Insert into CRM_REF_LOOKUP_DTL (CODE,DESCRIPTION,STATUS,HDR) values ('CSEGA007','KIOSK AT BUS STATION','ACTIVE','CMP002');
Insert into CRM_REF_LOOKUP_DTL (CODE,DESCRIPTION,STATUS,HDR) values ('CSEGA008','KIOSK AT AIRPORT','ACTIVE','CMP002');
Insert into CRM_REF_LOOKUP_DTL (CODE,DESCRIPTION,STATUS,HDR) values ('CSEGA009','KIOSK AT HARBOUR/PORT','ACTIVE','CMP002');
Insert into CRM_REF_LOOKUP_DTL (CODE,DESCRIPTION,STATUS,HDR) values ('CSEGA010','VEGETABLES STALL INSIDE THE MARKET','ACTIVE','CMP002');
Insert into CRM_REF_LOOKUP_DTL (CODE,DESCRIPTION,STATUS,HDR) values ('CSEGA011','VEGETABLES STALL/SHOP AT STREET MARKET','ACTIVE','CMP002');
Insert into CRM_REF_LOOKUP_DTL (CODE,DESCRIPTION,STATUS,HDR) values ('CSEGA012','FRUITS STALL INSIDE THE MARKET','ACTIVE','CMP002');
Insert into CRM_REF_LOOKUP_DTL (CODE,DESCRIPTION,STATUS,HDR) values ('CSEGA013','FRUITS STALL/SHOP AT STREET MARKET','ACTIVE','CMP002');
Insert into CRM_REF_LOOKUP_DTL (CODE,DESCRIPTION,STATUS,HDR) values ('CSEGA014','HALAL MEAT STALL','ACTIVE','CMP002');
Insert into CRM_REF_LOOKUP_DTL (CODE,DESCRIPTION,STATUS,HDR) values ('CSEGA015','NON HALAL MEAT STALL','ACTIVE','CMP002');
Insert into CRM_REF_LOOKUP_DTL (CODE,DESCRIPTION,STATUS,HDR) values ('CSEGA016','POULTRY STALL','ACTIVE','CMP002');
Insert into CRM_REF_LOOKUP_DTL (CODE,DESCRIPTION,STATUS,HDR) values ('CSEGA017','FISH AND SEAFOOD STALL','ACTIVE','CMP002');
Insert into CRM_REF_LOOKUP_DTL (CODE,DESCRIPTION,STATUS,HDR) values ('CSEGA018','PROCESSED MEAT/POULTRY/FISH STALL','ACTIVE','CMP002');
Insert into CRM_REF_LOOKUP_DTL (CODE,DESCRIPTION,STATUS,HDR) values ('CSEGA019','TOFU','ACTIVE','CMP002');
Insert into CRM_REF_LOOKUP_DTL (CODE,DESCRIPTION,STATUS,HDR) values ('CSEGA020','TRADITIONAL SNACK/BAKERY STALL','ACTIVE','CMP002');
Insert into CRM_REF_LOOKUP_DTL (CODE,DESCRIPTION,STATUS,HDR) values ('CSEGA021','BASIC STAPLES/COMMODITY SHOP','ACTIVE','CMP002');
Insert into CRM_REF_LOOKUP_DTL (CODE,DESCRIPTION,STATUS,HDR) values ('CSEGA022','ALCOHOLIC BEVERAGES SHOP','ACTIVE','CMP002');
Insert into CRM_REF_LOOKUP_DTL (CODE,DESCRIPTION,STATUS,HDR) values ('CSEGA023','NON ALCOHOLIC BEVERAGES SHOP','ACTIVE','CMP002');
Insert into CRM_REF_LOOKUP_DTL (CODE,DESCRIPTION,STATUS,HDR) values ('CSEGA024','BEVERAGES SHOP','ACTIVE','CMP002');
Insert into CRM_REF_LOOKUP_DTL (CODE,DESCRIPTION,STATUS,HDR) values ('CSEGA025','BAKERY/CAKES/TRADITIONAL SNACK INGREDIENTS SHOP','ACTIVE','CMP002');
Insert into CRM_REF_LOOKUP_DTL (CODE,DESCRIPTION,STATUS,HDR) values ('CSEGA026','MILK SHOP','ACTIVE','CMP002');
Insert into CRM_REF_LOOKUP_DTL (CODE,DESCRIPTION,STATUS,HDR) values ('CSEGA027','DRYSNACK SHOP','ACTIVE','CMP002');
Insert into CRM_REF_LOOKUP_DTL (CODE,DESCRIPTION,STATUS,HDR) values ('CSEGA028','SPICES SHOP','ACTIVE','CMP002');
Insert into CRM_REF_LOOKUP_DTL (CODE,DESCRIPTION,STATUS,HDR) values ('CSEGA029','EGGS SHOP','ACTIVE','CMP002');
Insert into CRM_REF_LOOKUP_DTL (CODE,DESCRIPTION,STATUS,HDR) values ('CSEGA030','RICE SHOP','ACTIVE','CMP002');
Insert into CRM_REF_LOOKUP_DTL (CODE,DESCRIPTION,STATUS,HDR) values ('CSEGA031','FRUITS AND VEGETABLES DIRECT SUPPLIER','ACTIVE','CMP002');
Insert into CRM_REF_LOOKUP_DTL (CODE,DESCRIPTION,STATUS,HDR) values ('CSEGA032','MEAT AND POULTRY DIRECT SUPPLIER','ACTIVE','CMP002');
Insert into CRM_REF_LOOKUP_DTL (CODE,DESCRIPTION,STATUS,HDR) values ('CSEGA033','FISH AND SEAFOOD DIRECT SUPPLIER','ACTIVE','CMP002');
Insert into CRM_REF_LOOKUP_DTL (CODE,DESCRIPTION,STATUS,HDR) values ('CSEGA034','SMALL ELECTRONIC/WATCH/CLOCK SHOP','ACTIVE','CMP002');
Insert into CRM_REF_LOOKUP_DTL (CODE,DESCRIPTION,STATUS,HDR) values ('CSEGA035','BIG ELECTRONIC SHOP','ACTIVE','CMP002');
Insert into CRM_REF_LOOKUP_DTL (CODE,DESCRIPTION,STATUS,HDR) values ('CSEGA036','MOBILE PHONE/TABLET SHOP AND PHONE ACCESORIS','ACTIVE','CMP002');
Insert into CRM_REF_LOOKUP_DTL (CODE,DESCRIPTION,STATUS,HDR) values ('CSEGA037','COMPUTER','ACTIVE','CMP002');
Insert into CRM_REF_LOOKUP_DTL (CODE,DESCRIPTION,STATUS,HDR) values ('CSEGA038','PULSA/ CREDIT for MOBILE PHONE SHOP','ACTIVE','CMP002');
Insert into CRM_REF_LOOKUP_DTL (CODE,DESCRIPTION,STATUS,HDR) values ('CSEGA039','DIY/IRONWARE/METALL SHOP','ACTIVE','CMP002');
Insert into CRM_REF_LOOKUP_DTL (CODE,DESCRIPTION,STATUS,HDR) values ('CSEGA040','BUILDING MATERIAL SHOP','ACTIVE','CMP002');
Insert into CRM_REF_LOOKUP_DTL (CODE,DESCRIPTION,STATUS,HDR) values ('CSEGA041','FURNITURE/INTERIOR/ART SHOP','ACTIVE','CMP002');
Insert into CRM_REF_LOOKUP_DTL (CODE,DESCRIPTION,STATUS,HDR) values ('CSEGA042','HARDWARE/HOUSEHOLD SHOP','ACTIVE','CMP002');
Insert into CRM_REF_LOOKUP_DTL (CODE,DESCRIPTION,STATUS,HDR) values ('CSEGA043','BABY SHOP','ACTIVE','CMP002');
Insert into CRM_REF_LOOKUP_DTL (CODE,DESCRIPTION,STATUS,HDR) values ('CSEGA044','GORDYN/CARPET SHOP','ACTIVE','CMP002');
Insert into CRM_REF_LOOKUP_DTL (CODE,DESCRIPTION,STATUS,HDR) values ('CSEGA045','TEXTILE AND GARMENT SHOP','ACTIVE','CMP002');
Insert into CRM_REF_LOOKUP_DTL (CODE,DESCRIPTION,STATUS,HDR) values ('CSEGA046','BAGS AND SHOES SHOP','ACTIVE','CMP002');
Insert into CRM_REF_LOOKUP_DTL (CODE,DESCRIPTION,STATUS,HDR) values ('CSEGA047','VEHICLES/CAR/MOTORBIKE DEALER AND SHOWROOM','ACTIVE','CMP002');
Insert into CRM_REF_LOOKUP_DTL (CODE,DESCRIPTION,STATUS,HDR) values ('CSEGA048','VEHICLES/CAR/MOTORBIKE SPAREPART AND ACCESORIES SHOP','ACTIVE','CMP002');
Insert into CRM_REF_LOOKUP_DTL (CODE,DESCRIPTION,STATUS,HDR) values ('CSEGA049','SPORT AND HOBBIES SHOP','ACTIVE','CMP002');
Insert into CRM_REF_LOOKUP_DTL (CODE,DESCRIPTION,STATUS,HDR) values ('CSEGA050','MUSIC AND CD SHOP','ACTIVE','CMP002');
Insert into CRM_REF_LOOKUP_DTL (CODE,DESCRIPTION,STATUS,HDR) values ('CSEGA051','TOYS SHOP','ACTIVE','CMP002');
Insert into CRM_REF_LOOKUP_DTL (CODE,DESCRIPTION,STATUS,HDR) values ('CSEGA052','JEWELLERY (PURE AND IMITATION)AND WOMAN ACCECORIS','ACTIVE','CMP002');
Insert into CRM_REF_LOOKUP_DTL (CODE,DESCRIPTION,STATUS,HDR) values ('CSEGA053','OPTICAL','ACTIVE','CMP002');
Insert into CRM_REF_LOOKUP_DTL (CODE,DESCRIPTION,STATUS,HDR) values ('CSEGA054','FARMACIEST/DRUG STORE/HERBAL','ACTIVE','CMP002');
Insert into CRM_REF_LOOKUP_DTL (CODE,DESCRIPTION,STATUS,HDR) values ('CSEGA055','COSMETIC','ACTIVE','CMP002');
Insert into CRM_REF_LOOKUP_DTL (CODE,DESCRIPTION,STATUS,HDR) values ('CSEGA056','PACKAGING AND PARTY SUPPLIES SHOP','ACTIVE','CMP002');
Insert into CRM_REF_LOOKUP_DTL (CODE,DESCRIPTION,STATUS,HDR) values ('CSEGA057','BOOKS STATIONARY AND GIFT SHOP','ACTIVE','CMP002');
Insert into CRM_REF_LOOKUP_DTL (CODE,DESCRIPTION,STATUS,HDR) values ('CSEGA058','FRESH FLOWER SHOP','ACTIVE','CMP002');
Insert into CRM_REF_LOOKUP_DTL (CODE,DESCRIPTION,STATUS,HDR) values ('CSEGA059','CHEMICAL','ACTIVE','CMP002');
Insert into CRM_REF_LOOKUP_DTL (CODE,DESCRIPTION,STATUS,HDR) values ('CSEGA060','GARDENING','ACTIVE','CMP002');
Insert into CRM_REF_LOOKUP_DTL (CODE,DESCRIPTION,STATUS,HDR) values ('CSEGA061','GAS ELPIJI AGENT','ACTIVE','CMP002');
Insert into CRM_REF_LOOKUP_DTL (CODE,DESCRIPTION,STATUS,HDR) values ('CSEGA062','PETS SUPPLIES SHOP','ACTIVE','CMP002');
Insert into CRM_REF_LOOKUP_DTL (CODE,DESCRIPTION,STATUS,HDR) values ('CSEGA063','OTHERS NONFOOD','ACTIVE','CMP002');
Insert into CRM_REF_LOOKUP_DTL (CODE,DESCRIPTION,STATUS,HDR) values ('CSEGA064','MINIMARKET NON CHAIN/INDIVIDUAL','ACTIVE','CMP002');
Insert into CRM_REF_LOOKUP_DTL (CODE,DESCRIPTION,STATUS,HDR) values ('CSEGA065','SUPERMARKET NON CHAIN/INDIVIDUAL','ACTIVE','CMP002');
Insert into CRM_REF_LOOKUP_DTL (CODE,DESCRIPTION,STATUS,HDR) values ('CSEGA066','HEALTH/HOSPITAL  EQUIPMENTS','ACTIVE','CMP002');
Insert into CRM_REF_LOOKUP_DTL (CODE,DESCRIPTION,STATUS,HDR) values ('CSEGB001','HALAL MEAT WHOLESALER','ACTIVE','CMP002');
Insert into CRM_REF_LOOKUP_DTL (CODE,DESCRIPTION,STATUS,HDR) values ('CSEGB002','NON HALAL MEAT WHOLESALER','ACTIVE','CMP002');
Insert into CRM_REF_LOOKUP_DTL (CODE,DESCRIPTION,STATUS,HDR) values ('CSEGB003','POULTRY WHOLESALER','ACTIVE','CMP002');
Insert into CRM_REF_LOOKUP_DTL (CODE,DESCRIPTION,STATUS,HDR) values ('CSEGB004','FISH AND SEAFOOD WHOLESALER','ACTIVE','CMP002');
Insert into CRM_REF_LOOKUP_DTL (CODE,DESCRIPTION,STATUS,HDR) values ('CSEGB005','FROZEN FOOD AND DAIRY PRODUCT WHOLESALER','ACTIVE','CMP002');
Insert into CRM_REF_LOOKUP_DTL (CODE,DESCRIPTION,STATUS,HDR) values ('CSEGB006','GENERALIST TRADER','ACTIVE','CMP002');
Insert into CRM_REF_LOOKUP_DTL (CODE,DESCRIPTION,STATUS,HDR) values ('CSEGB007','STAPLES / COMMODITY WHOLESALER','ACTIVE','CMP002');
Insert into CRM_REF_LOOKUP_DTL (CODE,DESCRIPTION,STATUS,HDR) values ('CSEGB008','CIGARETTES WHOLESALER','ACTIVE','CMP002');
Insert into CRM_REF_LOOKUP_DTL (CODE,DESCRIPTION,STATUS,HDR) values ('CSEGB009','DRY SNACK WHOLESALER','ACTIVE','CMP002');
Insert into CRM_REF_LOOKUP_DTL (CODE,DESCRIPTION,STATUS,HDR) values ('CSEGB010','BAKERY/TRAD SNACK/CAKES INGREDIENTS WHOLESALER','ACTIVE','CMP002');
Insert into CRM_REF_LOOKUP_DTL (CODE,DESCRIPTION,STATUS,HDR) values ('CSEGB011','ALCOHOL AND NON ALCOHOL BEVERAGEES WHOLESALER','ACTIVE','CMP002');
Insert into CRM_REF_LOOKUP_DTL (CODE,DESCRIPTION,STATUS,HDR) values ('CSEGB012','ALCOHOL BEVERAGES WHOLESALER','ACTIVE','CMP002');
Insert into CRM_REF_LOOKUP_DTL (CODE,DESCRIPTION,STATUS,HDR) values ('CSEGB013','NON ALCOHOL BEVERAGES WHOLESALER','ACTIVE','CMP002');
Insert into CRM_REF_LOOKUP_DTL (CODE,DESCRIPTION,STATUS,HDR) values ('CSEGB014','PACKAGING','ACTIVE','CMP002');
Insert into CRM_REF_LOOKUP_DTL (CODE,DESCRIPTION,STATUS,HDR) values ('CSEGB015','COSMETIC','ACTIVE','CMP002');
Insert into CRM_REF_LOOKUP_DTL (CODE,DESCRIPTION,STATUS,HDR) values ('CSEGB016','CLEANING PRODUCT WHOLESALER','ACTIVE','CMP002');
Insert into CRM_REF_LOOKUP_DTL (CODE,DESCRIPTION,STATUS,HDR) values ('CSEGB017','BOOKS AND STATIONARY WHOLESALER','ACTIVE','CMP002');
Insert into CRM_REF_LOOKUP_DTL (CODE,DESCRIPTION,STATUS,HDR) values ('CSEGB018','HORECA NONFOOD EQUIPMENT WHOLESALER','ACTIVE','CMP002');
Insert into CRM_REF_LOOKUP_DTL (CODE,DESCRIPTION,STATUS,HDR) values ('CSEGB019','PLASTIC HOUSEHOLD WHOLESALER','ACTIVE','CMP002');
Insert into CRM_REF_LOOKUP_DTL (CODE,DESCRIPTION,STATUS,HDR) values ('CSEGB020','COMPUTER','ACTIVE','CMP002');
Insert into CRM_REF_LOOKUP_DTL (CODE,DESCRIPTION,STATUS,HDR) values ('CSEGB021','AUTOMOTIVE WHOLESALER','ACTIVE','CMP002');
Insert into CRM_REF_LOOKUP_DTL (CODE,DESCRIPTION,STATUS,HDR) values ('CSEGB022','OTHERS WHOLESALER','ACTIVE','CMP002');
Insert into CRM_REF_LOOKUP_DTL (CODE,DESCRIPTION,STATUS,HDR) values ('CSEGC001','MEDIUM - HIGH CLASS INDONESIAN RESTO','ACTIVE','CMP002');
Insert into CRM_REF_LOOKUP_DTL (CODE,DESCRIPTION,STATUS,HDR) values ('CSEGC002','STANDART CLASS INDONESIAN RESTO','ACTIVE','CMP002');
Insert into CRM_REF_LOOKUP_DTL (CODE,DESCRIPTION,STATUS,HDR) values ('CSEGC003','LOW CLASS INDONESIAN RESTO','ACTIVE','CMP002');
Insert into CRM_REF_LOOKUP_DTL (CODE,DESCRIPTION,STATUS,HDR) values ('CSEGC004','CHINESEE RESTO','ACTIVE','CMP002');
Insert into CRM_REF_LOOKUP_DTL (CODE,DESCRIPTION,STATUS,HDR) values ('CSEGC005','KOREAN RESTO','ACTIVE','CMP002');
Insert into CRM_REF_LOOKUP_DTL (CODE,DESCRIPTION,STATUS,HDR) values ('CSEGC006','JAPANESSEE RESTO','ACTIVE','CMP002');
Insert into CRM_REF_LOOKUP_DTL (CODE,DESCRIPTION,STATUS,HDR) values ('CSEGC007','THAILAND RESTO','ACTIVE','CMP002');
Insert into CRM_REF_LOOKUP_DTL (CODE,DESCRIPTION,STATUS,HDR) values ('CSEGC008','MALAYSIAN RESTO','ACTIVE','CMP002');
Insert into CRM_REF_LOOKUP_DTL (CODE,DESCRIPTION,STATUS,HDR) values ('CSEGC009','SINGAPOREAN RESTO','ACTIVE','CMP002');
Insert into CRM_REF_LOOKUP_DTL (CODE,DESCRIPTION,STATUS,HDR) values ('CSEGC010','VIETNAMESSEE RESTO','ACTIVE','CMP002');
Insert into CRM_REF_LOOKUP_DTL (CODE,DESCRIPTION,STATUS,HDR) values ('CSEGC011','INDIAN AND PAKISTAN RESTO','ACTIVE','CMP002');
Insert into CRM_REF_LOOKUP_DTL (CODE,DESCRIPTION,STATUS,HDR) values ('CSEGC012','MIX ASIAN RESTO','ACTIVE','CMP002');
Insert into CRM_REF_LOOKUP_DTL (CODE,DESCRIPTION,STATUS,HDR) values ('CSEGC013','OTHER ASIAN RESTO','ACTIVE','CMP002');
Insert into CRM_REF_LOOKUP_DTL (CODE,DESCRIPTION,STATUS,HDR) values ('CSEGC014','MIX MIDDLE _EAST FOOD','ACTIVE','CMP002');
Insert into CRM_REF_LOOKUP_DTL (CODE,DESCRIPTION,STATUS,HDR) values ('CSEGC015','ITALIAN RESTO','ACTIVE','CMP002');
Insert into CRM_REF_LOOKUP_DTL (CODE,DESCRIPTION,STATUS,HDR) values ('CSEGC016','AMERICAN RESTO','ACTIVE','CMP002');
Insert into CRM_REF_LOOKUP_DTL (CODE,DESCRIPTION,STATUS,HDR) values ('CSEGC017','FRENCH RESTO','ACTIVE','CMP002');
Insert into CRM_REF_LOOKUP_DTL (CODE,DESCRIPTION,STATUS,HDR) values ('CSEGC018','MIX WESTERN RESTO','ACTIVE','CMP002');
Insert into CRM_REF_LOOKUP_DTL (CODE,DESCRIPTION,STATUS,HDR) values ('CSEGC019','OTHER WESTERN RESTO','ACTIVE','CMP002');
Insert into CRM_REF_LOOKUP_DTL (CODE,DESCRIPTION,STATUS,HDR) values ('CSEGC020','VEGETARIAN AND DIET RESTO','ACTIVE','CMP002');
Insert into CRM_REF_LOOKUP_DTL (CODE,DESCRIPTION,STATUS,HDR) values ('CSEGC021','ORGANIC FOOD RESTO','ACTIVE','CMP002');
Insert into CRM_REF_LOOKUP_DTL (CODE,DESCRIPTION,STATUS,HDR) values ('CSEGC022','SEAFOOD RESTO','ACTIVE','CMP002');
Insert into CRM_REF_LOOKUP_DTL (CODE,DESCRIPTION,STATUS,HDR) values ('CSEGC023','INTERNATIONAL RESTO','ACTIVE','CMP002');
Insert into CRM_REF_LOOKUP_DTL (CODE,DESCRIPTION,STATUS,HDR) values ('CSEGC024','BISTRO','ACTIVE','CMP002');
Insert into CRM_REF_LOOKUP_DTL (CODE,DESCRIPTION,STATUS,HDR) values ('CSEGC025','GENERAL CATERERS','ACTIVE','CMP002');
Insert into CRM_REF_LOOKUP_DTL (CODE,DESCRIPTION,STATUS,HDR) values ('CSEGC026','HOME PARTY SPECIALIST CATERERS','ACTIVE','CMP002');
Insert into CRM_REF_LOOKUP_DTL (CODE,DESCRIPTION,STATUS,HDR) values ('CSEGC027','ALL PARTY/EVENT CATERERS','ACTIVE','CMP002');
Insert into CRM_REF_LOOKUP_DTL (CODE,DESCRIPTION,STATUS,HDR) values ('CSEGC028','OFFICES AND INDUSTRI CATERERS','ACTIVE','CMP002');
Insert into CRM_REF_LOOKUP_DTL (CODE,DESCRIPTION,STATUS,HDR) values ('CSEGC029','INDUSTRI SPECIALIST CATERERS','ACTIVE','CMP002');
Insert into CRM_REF_LOOKUP_DTL (CODE,DESCRIPTION,STATUS,HDR) values ('CSEGC030','TRANSPORTATION CATERERS','ACTIVE','CMP002');
Insert into CRM_REF_LOOKUP_DTL (CODE,DESCRIPTION,STATUS,HDR) values ('CSEGC031','VEGETARIAN AND DIETARY CATERERS','ACTIVE','CMP002');
Insert into CRM_REF_LOOKUP_DTL (CODE,DESCRIPTION,STATUS,HDR) values ('CSEGC032','HOSPITAL AND NURSERY CANTEEN','ACTIVE','CMP002');
Insert into CRM_REF_LOOKUP_DTL (CODE,DESCRIPTION,STATUS,HDR) values ('CSEGC033','INDUSTRY AND OFFICES CANTEEN','ACTIVE','CMP002');
Insert into CRM_REF_LOOKUP_DTL (CODE,DESCRIPTION,STATUS,HDR) values ('CSEGC034','EDUCATION AND SCIENCE CANTEEN','ACTIVE','CMP002');
Insert into CRM_REF_LOOKUP_DTL (CODE,DESCRIPTION,STATUS,HDR) values ('CSEGC035','OTHERS CANTEEN','ACTIVE','CMP002');
Insert into CRM_REF_LOOKUP_DTL (CODE,DESCRIPTION,STATUS,HDR) values ('CSEGC036','INDONESIAN FASTFOOD CHAIN','ACTIVE','CMP002');
Insert into CRM_REF_LOOKUP_DTL (CODE,DESCRIPTION,STATUS,HDR) values ('CSEGC037','INDONESIAN FASTFOOD NON CHAIN','ACTIVE','CMP002');
Insert into CRM_REF_LOOKUP_DTL (CODE,DESCRIPTION,STATUS,HDR) values ('CSEGC038','ASIAN FASTFOOD CHAIN','ACTIVE','CMP002');
Insert into CRM_REF_LOOKUP_DTL (CODE,DESCRIPTION,STATUS,HDR) values ('CSEGC039','ASIAN FASTFOOD NON CHAIN','ACTIVE','CMP002');
Insert into CRM_REF_LOOKUP_DTL (CODE,DESCRIPTION,STATUS,HDR) values ('CSEGC040','MIDDLE-EAST FASTFOOD','ACTIVE','CMP002');
Insert into CRM_REF_LOOKUP_DTL (CODE,DESCRIPTION,STATUS,HDR) values ('CSEGC041','WESTERN FASTFOOD CHAIN','ACTIVE','CMP002');
Insert into CRM_REF_LOOKUP_DTL (CODE,DESCRIPTION,STATUS,HDR) values ('CSEGC042','WESTERN FASTFOOD NON CHAIN','ACTIVE','CMP002');
Insert into CRM_REF_LOOKUP_DTL (CODE,DESCRIPTION,STATUS,HDR) values ('CSEGC043','HOTEL 5-6*','ACTIVE','CMP002');
Insert into CRM_REF_LOOKUP_DTL (CODE,DESCRIPTION,STATUS,HDR) values ('CSEGC044','HOTEL 4*','ACTIVE','CMP002');
Insert into CRM_REF_LOOKUP_DTL (CODE,DESCRIPTION,STATUS,HDR) values ('CSEGC045','HOTEL 3*','ACTIVE','CMP002');
Insert into CRM_REF_LOOKUP_DTL (CODE,DESCRIPTION,STATUS,HDR) values ('CSEGC046','HOTEL 2*','ACTIVE','CMP002');
Insert into CRM_REF_LOOKUP_DTL (CODE,DESCRIPTION,STATUS,HDR) values ('CSEGC047','HOTEL MELATI/LOSMEN','ACTIVE','CMP002');
Insert into CRM_REF_LOOKUP_DTL (CODE,DESCRIPTION,STATUS,HDR) values ('CSEGC048','LUXURY APARTEMENT','ACTIVE','CMP002');
Insert into CRM_REF_LOOKUP_DTL (CODE,DESCRIPTION,STATUS,HDR) values ('CSEGC049','AFFORDABLE APARTEMENT','ACTIVE','CMP002');
Insert into CRM_REF_LOOKUP_DTL (CODE,DESCRIPTION,STATUS,HDR) values ('CSEGC050','SUBSIDIZE APARTEMENT','ACTIVE','CMP002');
Insert into CRM_REF_LOOKUP_DTL (CODE,DESCRIPTION,STATUS,HDR) values ('CSEGC051','PUBLIC BOARDING HOUSE','ACTIVE','CMP002');
Insert into CRM_REF_LOOKUP_DTL (CODE,DESCRIPTION,STATUS,HDR) values ('CSEGC052','EMPLOYEE BOARDING HOUSE','ACTIVE','CMP002');
Insert into CRM_REF_LOOKUP_DTL (CODE,DESCRIPTION,STATUS,HDR) values ('CSEGC053','CAMPING GROUND','ACTIVE','CMP002');
Insert into CRM_REF_LOOKUP_DTL (CODE,DESCRIPTION,STATUS,HDR) values ('CSEGC054','BAR/PUB','ACTIVE','CMP002');
Insert into CRM_REF_LOOKUP_DTL (CODE,DESCRIPTION,STATUS,HDR) values ('CSEGC055','KARAOKE CHAIN','ACTIVE','CMP002');
Insert into CRM_REF_LOOKUP_DTL (CODE,DESCRIPTION,STATUS,HDR) values ('CSEGC056','KARAOKE NON CHAIN','ACTIVE','CMP002');
Insert into CRM_REF_LOOKUP_DTL (CODE,DESCRIPTION,STATUS,HDR) values ('CSEGC057','MID-HIGH CLASS DISCOTHIQUE/NIGHT CLUB','ACTIVE','CMP002');
Insert into CRM_REF_LOOKUP_DTL (CODE,DESCRIPTION,STATUS,HDR) values ('CSEGC058','LOW CLASS DISCOTHIQUE/NIGHT CLUB','ACTIVE','CMP002');
Insert into CRM_REF_LOOKUP_DTL (CODE,DESCRIPTION,STATUS,HDR) values ('CSEGC059','HIGH CLASS COFFEE AND TEA CAF√â','ACTIVE','CMP002');
Insert into CRM_REF_LOOKUP_DTL (CODE,DESCRIPTION,STATUS,HDR) values ('CSEGC060','MID CLASS COFFEE AND TEA CAF√â','ACTIVE','CMP002');
Insert into CRM_REF_LOOKUP_DTL (CODE,DESCRIPTION,STATUS,HDR) values ('CSEGC061','LOW CLASS COFFEE AND TEA CAF√â','ACTIVE','CMP002');
Insert into CRM_REF_LOOKUP_DTL (CODE,DESCRIPTION,STATUS,HDR) values ('CSEGC062','ICE CREAM CAF√â','ACTIVE','CMP002');
Insert into CRM_REF_LOOKUP_DTL (CODE,DESCRIPTION,STATUS,HDR) values ('CSEGC063','HIGH CLASS BAKERY/CAKES SHOP','ACTIVE','CMP002');
Insert into CRM_REF_LOOKUP_DTL (CODE,DESCRIPTION,STATUS,HDR) values ('CSEGC064','MID CLASS BAKERY/CAKES SHOP','ACTIVE','CMP002');
Insert into CRM_REF_LOOKUP_DTL (CODE,DESCRIPTION,STATUS,HDR) values ('CSEGC065','STANDART CLASS BAKERY/CAKES SHOP','ACTIVE','CMP002');
Insert into CRM_REF_LOOKUP_DTL (CODE,DESCRIPTION,STATUS,HDR) values ('CSEGC066','LOW CLASS BAKERY/CAKES SHOP','ACTIVE','CMP002');
Insert into CRM_REF_LOOKUP_DTL (CODE,DESCRIPTION,STATUS,HDR) values ('CSEGC067','FOOD HOME INDUSTRI DRY SNACK','ACTIVE','CMP002');
Insert into CRM_REF_LOOKUP_DTL (CODE,DESCRIPTION,STATUS,HDR) values ('CSEGC068','FOOD HOME INDUSTRI BAKERY','ACTIVE','CMP002');
Insert into CRM_REF_LOOKUP_DTL (CODE,DESCRIPTION,STATUS,HDR) values ('CSEGC069','FOOD HOME INDUSTRI TRADITIONAL SNACK/FOOD','ACTIVE','CMP002');
Insert into CRM_REF_LOOKUP_DTL (CODE,DESCRIPTION,STATUS,HDR) values ('CSEGC070','FOOD HOME INDUSTRI CONFECTIONARY','ACTIVE','CMP002');
Insert into CRM_REF_LOOKUP_DTL (CODE,DESCRIPTION,STATUS,HDR) values ('CSEGC071','INDONESIAN FOOD/SNACK STALL','ACTIVE','CMP002');
Insert into CRM_REF_LOOKUP_DTL (CODE,DESCRIPTION,STATUS,HDR) values ('CSEGC072','ASIAN FOOD/SNACK STALL','ACTIVE','CMP002');
Insert into CRM_REF_LOOKUP_DTL (CODE,DESCRIPTION,STATUS,HDR) values ('CSEGC073','WESTERN FOOD/SNACK STALL','ACTIVE','CMP002');
Insert into CRM_REF_LOOKUP_DTL (CODE,DESCRIPTION,STATUS,HDR) values ('CSEGC074','INDONESIAN DRINK/BEVERAGES STALL','ACTIVE','CMP002');
Insert into CRM_REF_LOOKUP_DTL (CODE,DESCRIPTION,STATUS,HDR) values ('CSEGC075','ASIAN DRINK/BEVERAGES STALL','ACTIVE','CMP002');
Insert into CRM_REF_LOOKUP_DTL (CODE,DESCRIPTION,STATUS,HDR) values ('CSEGC076','WESTERN DRINK/BEVERAGES STALL','ACTIVE','CMP002');
Insert into CRM_REF_LOOKUP_DTL (CODE,DESCRIPTION,STATUS,HDR) values ('CSEGC077','INDONESIAN FAST FOOD STREET VENDOR','ACTIVE','CMP002');
Insert into CRM_REF_LOOKUP_DTL (CODE,DESCRIPTION,STATUS,HDR) values ('CSEGC078','ASIAN FAST FOOD STREET VENDOR','ACTIVE','CMP002');
Insert into CRM_REF_LOOKUP_DTL (CODE,DESCRIPTION,STATUS,HDR) values ('CSEGC079','MIDDLE EAST FAST FOOD STREET VENDOR','ACTIVE','CMP002');
Insert into CRM_REF_LOOKUP_DTL (CODE,DESCRIPTION,STATUS,HDR) values ('CSEGC080','WESTERN FAST FOOD STREET VENDOR','ACTIVE','CMP002');
Insert into CRM_REF_LOOKUP_DTL (CODE,DESCRIPTION,STATUS,HDR) values ('CSEGC081','INDONESIAN BEVERAGES STREET VENDOR','ACTIVE','CMP002');
Insert into CRM_REF_LOOKUP_DTL (CODE,DESCRIPTION,STATUS,HDR) values ('CSEGD001','GENERAL HOSPITAL','ACTIVE','CMP002');
Insert into CRM_REF_LOOKUP_DTL (CODE,DESCRIPTION,STATUS,HDR) values ('CSEGD002','EYE HOSPITAL','ACTIVE','CMP002');
Insert into CRM_REF_LOOKUP_DTL (CODE,DESCRIPTION,STATUS,HDR) values ('CSEGD003','THT HOSPITAL','ACTIVE','CMP002');
Insert into CRM_REF_LOOKUP_DTL (CODE,DESCRIPTION,STATUS,HDR) values ('CSEGD004','MOMS AND KIDS','ACTIVE','CMP002');
Insert into CRM_REF_LOOKUP_DTL (CODE,DESCRIPTION,STATUS,HDR) values ('CSEGD005','RSKO','ACTIVE','CMP002');
Insert into CRM_REF_LOOKUP_DTL (CODE,DESCRIPTION,STATUS,HDR) values ('CSEGD006','RSJ','ACTIVE','CMP002');
Insert into CRM_REF_LOOKUP_DTL (CODE,DESCRIPTION,STATUS,HDR) values ('CSEGD007','GENERAL CLINIC','ACTIVE','CMP002');
Insert into CRM_REF_LOOKUP_DTL (CODE,DESCRIPTION,STATUS,HDR) values ('CSEGD008','MATERNITY CLINIC','ACTIVE','CMP002');
Insert into CRM_REF_LOOKUP_DTL (CODE,DESCRIPTION,STATUS,HDR) values ('CSEGD009','DENTISTRY CLINIC','ACTIVE','CMP002');
Insert into CRM_REF_LOOKUP_DTL (CODE,DESCRIPTION,STATUS,HDR) values ('CSEGD010','BEAUTY W/ DERMATOLOGIST CLINIC','ACTIVE','CMP002');
Insert into CRM_REF_LOOKUP_DTL (CODE,DESCRIPTION,STATUS,HDR) values ('CSEGD011','PRIVATE PRACTICE DENTIST','ACTIVE','CMP002');
Insert into CRM_REF_LOOKUP_DTL (CODE,DESCRIPTION,STATUS,HDR) values ('CSEGD012','PRIVATE PRACTICE DOCTOR','ACTIVE','CMP002');
Insert into CRM_REF_LOOKUP_DTL (CODE,DESCRIPTION,STATUS,HDR) values ('CSEGD013','NURSING HOME','ACTIVE','CMP002');
Insert into CRM_REF_LOOKUP_DTL (CODE,DESCRIPTION,STATUS,HDR) values ('CSEGD014','OPRHANAGE','ACTIVE','CMP002');
Insert into CRM_REF_LOOKUP_DTL (CODE,DESCRIPTION,STATUS,HDR) values ('CSEGD015','PARAMEDIC PROFESION','ACTIVE','CMP002');
Insert into CRM_REF_LOOKUP_DTL (CODE,DESCRIPTION,STATUS,HDR) values ('CSEGD016','MEDICAL LABORATORY','ACTIVE','CMP002');
Insert into CRM_REF_LOOKUP_DTL (CODE,DESCRIPTION,STATUS,HDR) values ('CSEGD017','SPORTS CENTRE','ACTIVE','CMP002');
Insert into CRM_REF_LOOKUP_DTL (CODE,DESCRIPTION,STATUS,HDR) values ('CSEGD018','FOOTBALL/FUTSAL','ACTIVE','CMP002');
Insert into CRM_REF_LOOKUP_DTL (CODE,DESCRIPTION,STATUS,HDR) values ('CSEGD019','BILYARD','ACTIVE','CMP002');
Insert into CRM_REF_LOOKUP_DTL (CODE,DESCRIPTION,STATUS,HDR) values ('CSEGD020','BOWLING','ACTIVE','CMP002');
Insert into CRM_REF_LOOKUP_DTL (CODE,DESCRIPTION,STATUS,HDR) values ('CSEGD021','SWIMMING POOL','ACTIVE','CMP002');
Insert into CRM_REF_LOOKUP_DTL (CODE,DESCRIPTION,STATUS,HDR) values ('CSEGD022','GYM/FITNESS/AEROBIC','ACTIVE','CMP002');
Insert into CRM_REF_LOOKUP_DTL (CODE,DESCRIPTION,STATUS,HDR) values ('CSEGD023','BEAUTY CARE AND SALON FOR WOMAN','ACTIVE','CMP002');
Insert into CRM_REF_LOOKUP_DTL (CODE,DESCRIPTION,STATUS,HDR) values ('CSEGD024','BEAUTY CARE AND SALON FOR WOMAN AND MAN','ACTIVE','CMP002');
Insert into CRM_REF_LOOKUP_DTL (CODE,DESCRIPTION,STATUS,HDR) values ('CSEGD025','BARBERSHOP','ACTIVE','CMP002');
Insert into CRM_REF_LOOKUP_DTL (CODE,DESCRIPTION,STATUS,HDR) values ('CSEGD026','SALON ONLY FOR KIDS','ACTIVE','CMP002');
Insert into CRM_REF_LOOKUP_DTL (CODE,DESCRIPTION,STATUS,HDR) values ('CSEGD027','SALON FOR PETS','ACTIVE','CMP002');
Insert into CRM_REF_LOOKUP_DTL (CODE,DESCRIPTION,STATUS,HDR) values ('CSEGD028','SPA RETREAT','ACTIVE','CMP002');
Insert into CRM_REF_LOOKUP_DTL (CODE,DESCRIPTION,STATUS,HDR) values ('CSEGD029','SPECIALIZE SPA','ACTIVE','CMP002');
Insert into CRM_REF_LOOKUP_DTL (CODE,DESCRIPTION,STATUS,HDR) values ('CSEGD030','MASSAGE AND REFLECTION STORE','ACTIVE','CMP002');
Insert into CRM_REF_LOOKUP_DTL (CODE,DESCRIPTION,STATUS,HDR) values ('CSEGD031','ZOO/SEAWORLD','ACTIVE','CMP002');
Insert into CRM_REF_LOOKUP_DTL (CODE,DESCRIPTION,STATUS,HDR) values ('CSEGD032','AMUSEMENT PARK','ACTIVE','CMP002');
Insert into CRM_REF_LOOKUP_DTL (CODE,DESCRIPTION,STATUS,HDR) values ('CSEGD033','EDUCATIONAL GARDEN','ACTIVE','CMP002');
Insert into CRM_REF_LOOKUP_DTL (CODE,DESCRIPTION,STATUS,HDR) values ('CSEGD034','MUSEUM','ACTIVE','CMP002');
Insert into CRM_REF_LOOKUP_DTL (CODE,DESCRIPTION,STATUS,HDR) values ('CSEGD035','ART CENTRE','ACTIVE','CMP002');
Insert into CRM_REF_LOOKUP_DTL (CODE,DESCRIPTION,STATUS,HDR) values ('CSEGD036','CINEMA/THEATER','ACTIVE','CMP002');
Insert into CRM_REF_LOOKUP_DTL (CODE,DESCRIPTION,STATUS,HDR) values ('CSEGD037','CLEANING SERVICE AGENCY','ACTIVE','CMP002');
Insert into CRM_REF_LOOKUP_DTL (CODE,DESCRIPTION,STATUS,HDR) values ('CSEGD038','WASTE SERVICE AGENCY','ACTIVE','CMP002');
Insert into CRM_REF_LOOKUP_DTL (CODE,DESCRIPTION,STATUS,HDR) values ('CSEGD039','CAR/MOTORCYCLE WASH','ACTIVE','CMP002');
Insert into CRM_REF_LOOKUP_DTL (CODE,DESCRIPTION,STATUS,HDR) values ('CSEGD040','LAUNDRY','ACTIVE','CMP002');
Insert into CRM_REF_LOOKUP_DTL (CODE,DESCRIPTION,STATUS,HDR) values ('CSEGD041','PEST CONTROL','ACTIVE','CMP002');
Insert into CRM_REF_LOOKUP_DTL (CODE,DESCRIPTION,STATUS,HDR) values ('CSEGD042','POOL TAXI','ACTIVE','CMP002');
Insert into CRM_REF_LOOKUP_DTL (CODE,DESCRIPTION,STATUS,HDR) values ('CSEGD043','CAR AND BUS TRAVEL','ACTIVE','CMP002');
Insert into CRM_REF_LOOKUP_DTL (CODE,DESCRIPTION,STATUS,HDR) values ('CSEGD044','CAR AND BUS RENTAL','ACTIVE','CMP002');
Insert into CRM_REF_LOOKUP_DTL (CODE,DESCRIPTION,STATUS,HDR) values ('CSEGD045','AIRPORT','ACTIVE','CMP002');
Insert into CRM_REF_LOOKUP_DTL (CODE,DESCRIPTION,STATUS,HDR) values ('CSEGD046','TRAIN STATION','ACTIVE','CMP002');
Insert into CRM_REF_LOOKUP_DTL (CODE,DESCRIPTION,STATUS,HDR) values ('CSEGD047','BUS TERMINAL','ACTIVE','CMP002');
Insert into CRM_REF_LOOKUP_DTL (CODE,DESCRIPTION,STATUS,HDR) values ('CSEGD048','HARBOUR/PORT','ACTIVE','CMP002');
Insert into CRM_REF_LOOKUP_DTL (CODE,DESCRIPTION,STATUS,HDR) values ('CSEGD049','PARKING SERVICE AGENCY','ACTIVE','CMP002');
Insert into CRM_REF_LOOKUP_DTL (CODE,DESCRIPTION,STATUS,HDR) values ('CSEGD050','TOLLROAD','ACTIVE','CMP002');
Insert into CRM_REF_LOOKUP_DTL (CODE,DESCRIPTION,STATUS,HDR) values ('CSEGD051','POST/COURIERS','ACTIVE','CMP002');
Insert into CRM_REF_LOOKUP_DTL (CODE,DESCRIPTION,STATUS,HDR) values ('CSEGD052','COPY SHOP','ACTIVE','CMP002');
Insert into CRM_REF_LOOKUP_DTL (CODE,DESCRIPTION,STATUS,HDR) values ('CSEGD053','PHOTO AND FRAME STUDIOS','ACTIVE','CMP002');
Insert into CRM_REF_LOOKUP_DTL (CODE,DESCRIPTION,STATUS,HDR) values ('CSEGD054','INTERNET/GAMES RENTAL','ACTIVE','CMP002');
Insert into CRM_REF_LOOKUP_DTL (CODE,DESCRIPTION,STATUS,HDR) values ('CSEGD055','STORAGE/WAREHOUSE RENTAL','ACTIVE','CMP002');
Insert into CRM_REF_LOOKUP_DTL (CODE,DESCRIPTION,STATUS,HDR) values ('CSEGD056','STUDIOS MUSIC RENTAL AND INSTRUMENT RENTAL','ACTIVE','CMP002');
Insert into CRM_REF_LOOKUP_DTL (CODE,DESCRIPTION,STATUS,HDR) values ('CSEGD057','EVENT/PARTY EQUIPMENT RENTAL','ACTIVE','CMP002');
Insert into CRM_REF_LOOKUP_DTL (CODE,DESCRIPTION,STATUS,HDR) values ('CSEGD058','DVD RENTAL','ACTIVE','CMP002');
Insert into CRM_REF_LOOKUP_DTL (CODE,DESCRIPTION,STATUS,HDR) values ('CSEGD059','CAR MAINTENANCE','ACTIVE','CMP002');
Insert into CRM_REF_LOOKUP_DTL (CODE,DESCRIPTION,STATUS,HDR) values ('CSEGD060','BIKE/MOTORCYCLE MAINTENANCE','ACTIVE','CMP002');
Insert into CRM_REF_LOOKUP_DTL (CODE,DESCRIPTION,STATUS,HDR) values ('CSEGD061','CAR AND MOTORCYCLE MAINTENANCE','ACTIVE','CMP002');
Insert into CRM_REF_LOOKUP_DTL (CODE,DESCRIPTION,STATUS,HDR) values ('CSEGD062','ELECTRONIC MAINTENANCE','ACTIVE','CMP002');
Insert into CRM_REF_LOOKUP_DTL (CODE,DESCRIPTION,STATUS,HDR) values ('CSEGD063','ELECTRICIANS','ACTIVE','CMP002');
Insert into CRM_REF_LOOKUP_DTL (CODE,DESCRIPTION,STATUS,HDR) values ('CSEGD064','GARDENERS','ACTIVE','CMP002');
Insert into CRM_REF_LOOKUP_DTL (CODE,DESCRIPTION,STATUS,HDR) values ('CSEGD065','CARPENTERS','ACTIVE','CMP002');
Insert into CRM_REF_LOOKUP_DTL (CODE,DESCRIPTION,STATUS,HDR) values ('CSEGD066','TAILORS','ACTIVE','CMP002');
Insert into CRM_REF_LOOKUP_DTL (CODE,DESCRIPTION,STATUS,HDR) values ('CSEGD067','METAL WORKERS','ACTIVE','CMP002');
Insert into CRM_REF_LOOKUP_DTL (CODE,DESCRIPTION,STATUS,HDR) values ('CSEGD068','DECORATOR','ACTIVE','CMP002');
Insert into CRM_REF_LOOKUP_DTL (CODE,DESCRIPTION,STATUS,HDR) values ('CSEGD069','PLUMBER','ACTIVE','CMP002');
Insert into CRM_REF_LOOKUP_DTL (CODE,DESCRIPTION,STATUS,HDR) values ('CSEGD070','ROOFER','ACTIVE','CMP002');
Insert into CRM_REF_LOOKUP_DTL (CODE,DESCRIPTION,STATUS,HDR) values ('CSEGD071','EDUCATION/SCIENCE INSTITUTIONS','ACTIVE','CMP002');
Insert into CRM_REF_LOOKUP_DTL (CODE,DESCRIPTION,STATUS,HDR) values ('CSEGD072','GOVERNMENT ADMINISTRATION INSTITUTIONS','ACTIVE','CMP002');
Insert into CRM_REF_LOOKUP_DTL (CODE,DESCRIPTION,STATUS,HDR) values ('CSEGD073','POLITICAL PARTIES','ACTIVE','CMP002');
Insert into CRM_REF_LOOKUP_DTL (CODE,DESCRIPTION,STATUS,HDR) values ('CSEGD074','LIBRARY','ACTIVE','CMP002');
Insert into CRM_REF_LOOKUP_DTL (CODE,DESCRIPTION,STATUS,HDR) values ('CSEGD075','EMBASSIES','ACTIVE','CMP002');
Insert into CRM_REF_LOOKUP_DTL (CODE,DESCRIPTION,STATUS,HDR) values ('CSEGD076','ASSOSIATION/UNION','ACTIVE','CMP002');
Insert into CRM_REF_LOOKUP_DTL (CODE,DESCRIPTION,STATUS,HDR) values ('CSEGD077','HOUSE OF WORSHIP with RELIGION FOUNDATION','ACTIVE','CMP002');
Insert into CRM_REF_LOOKUP_DTL (CODE,DESCRIPTION,STATUS,HDR) values ('CSEGD078','POLICE','ACTIVE','CMP002');
Insert into CRM_REF_LOOKUP_DTL (CODE,DESCRIPTION,STATUS,HDR) values ('CSEGD079','MILITARY','ACTIVE','CMP002');
Insert into CRM_REF_LOOKUP_DTL (CODE,DESCRIPTION,STATUS,HDR) values ('CSEGD080','NGO','ACTIVE','CMP002');
Insert into CRM_REF_LOOKUP_DTL (CODE,DESCRIPTION,STATUS,HDR) values ('CSEGD081','JAILS','ACTIVE','CMP002');
Insert into CRM_REF_LOOKUP_DTL (CODE,DESCRIPTION,STATUS,HDR) values ('CSEGD082','GENERAL OFFICES','ACTIVE','CMP002');
Insert into CRM_REF_LOOKUP_DTL (CODE,DESCRIPTION,STATUS,HDR) values ('CSEGD083','BANK','ACTIVE','CMP002');
Insert into CRM_REF_LOOKUP_DTL (CODE,DESCRIPTION,STATUS,HDR) values ('CSEGD084','INSURANCE','ACTIVE','CMP002');
Insert into CRM_REF_LOOKUP_DTL (CODE,DESCRIPTION,STATUS,HDR) values ('CSEGD085','CREDIT/LEASING','ACTIVE','CMP002');
Insert into CRM_REF_LOOKUP_DTL (CODE,DESCRIPTION,STATUS,HDR) values ('CSEGD086','TELECOM/NETWORK','ACTIVE','CMP002');
Insert into CRM_REF_LOOKUP_DTL (CODE,DESCRIPTION,STATUS,HDR) values ('CSEGD087','ISANDT','ACTIVE','CMP002');
Insert into CRM_REF_LOOKUP_DTL (CODE,DESCRIPTION,STATUS,HDR) values ('CSEGD088','PROPERTY AGENCY','ACTIVE','CMP002');
Insert into CRM_REF_LOOKUP_DTL (CODE,DESCRIPTION,STATUS,HDR) values ('CSEGD089','TRAVEL AGENCY','ACTIVE','CMP002');
Insert into CRM_REF_LOOKUP_DTL (CODE,DESCRIPTION,STATUS,HDR) values ('CSEGD090','LEGAL AGENCY','ACTIVE','CMP002');
Insert into CRM_REF_LOOKUP_DTL (CODE,DESCRIPTION,STATUS,HDR) values ('CSEGD091','TALENT AGENCY','ACTIVE','CMP002');
Insert into CRM_REF_LOOKUP_DTL (CODE,DESCRIPTION,STATUS,HDR) values ('CSEGD092','MARKET RESEARCH AGENCY','ACTIVE','CMP002');
Insert into CRM_REF_LOOKUP_DTL (CODE,DESCRIPTION,STATUS,HDR) values ('CSEGD093','ADVERTISING AGENCY','ACTIVE','CMP002');
Insert into CRM_REF_LOOKUP_DTL (CODE,DESCRIPTION,STATUS,HDR) values ('CSEGD094','OUTSOURCING AGENCY','ACTIVE','CMP002');
Insert into CRM_REF_LOOKUP_DTL (CODE,DESCRIPTION,STATUS,HDR) values ('CSEGD095','MASS MEDIA','ACTIVE','CMP002');
Insert into CRM_REF_LOOKUP_DTL (CODE,DESCRIPTION,STATUS,HDR) values ('CSEGD096','FOOD INDUSTRIES','ACTIVE','CMP002');
Insert into CRM_REF_LOOKUP_DTL (CODE,DESCRIPTION,STATUS,HDR) values ('CSEGD097','NONFOOD INDUSTRIES','ACTIVE','CMP002');
Insert into CRM_REF_LOOKUP_DTL (CODE,DESCRIPTION,STATUS,HDR) values ('CSEGD098','MINING INDUSTRIES','ACTIVE','CMP002');
Insert into CRM_REF_LOOKUP_DTL (CODE,DESCRIPTION,STATUS,HDR) values ('CSEGD099','CIVIL WORK INDUSTRIES','ACTIVE','CMP002');
Insert into CRM_REF_LOOKUP_DTL (CODE,DESCRIPTION,STATUS,HDR) values ('CSEGD100','OTHERS INDUSTRIES','ACTIVE','CMP002');
Insert into CRM_REF_LOOKUP_DTL (CODE,DESCRIPTION,STATUS,HDR) values ('CSEGD101','PUBLIC TOILET','ACTIVE','CMP002');

Insert into CRM_MONITOR_CONFIG (ID,TRANSACTION_COUNT,MEMBER_TYPE) values (0,3,'MTYP001');
Insert into CRM_MONITOR_CONFIG (ID,TRANSACTION_COUNT,MEMBER_TYPE) values (1,3,'MTYP002');

Insert into CRM_USER (ID,CREATED_BY,CREATED_DATETIME,LAST_UPDATED_BY,LAST_UPDATED_DATETIME,EMAIL,ACCOUNT_ENABLED,FIRST_NAME,LAST_NAME,MIDDLE_NAME,PASSWORD,STORE_CODE,USERNAME,VERSION,INVENTORY_LOCATION) values (1,null,null,null,null,null,'Y',null,null,null,'$2a$10$3u0qprI3UigL1oqaFxznuumX.wxls0881ken0s/IQKlyhJXfJWi7S','HO','admin',1,null);
Insert into CRM_USER (ID,CREATED_BY,CREATED_DATETIME,LAST_UPDATED_BY,LAST_UPDATED_DATETIME,EMAIL,ACCOUNT_ENABLED,FIRST_NAME,LAST_NAME,MIDDLE_NAME,PASSWORD,STORE_CODE,USERNAME,VERSION,INVENTORY_LOCATION) values (2,null,null,null,null,null,'Y',null,null,null,'$2a$10$3u0qprI3UigL1oqaFxznuumX.wxls0881ken0s/IQKlyhJXfJWi7S','HO','cs',1,null);
Insert into CRM_USER (ID,CREATED_BY,CREATED_DATETIME,LAST_UPDATED_BY,LAST_UPDATED_DATETIME,EMAIL,ACCOUNT_ENABLED,FIRST_NAME,LAST_NAME,MIDDLE_NAME,PASSWORD,STORE_CODE,USERNAME,VERSION,INVENTORY_LOCATION) values (3,null,null,null,null,null,'Y',null,null,null,'$2a$10$3u0qprI3UigL1oqaFxznuumX.wxls0881ken0s/IQKlyhJXfJWi7S','HO','css',1,null);
Insert into CRM_USER (ID,CREATED_BY,CREATED_DATETIME,LAST_UPDATED_BY,LAST_UPDATED_DATETIME,EMAIL,ACCOUNT_ENABLED,FIRST_NAME,LAST_NAME,MIDDLE_NAME,PASSWORD,STORE_CODE,USERNAME,VERSION,INVENTORY_LOCATION) values (4,null,null,null,null,null,'Y',null,null,null,'$2a$10$3u0qprI3UigL1oqaFxznuumX.wxls0881ken0s/IQKlyhJXfJWi7S','HO','marketing',1,null);
Insert into CRM_USER (ID,CREATED_BY,CREATED_DATETIME,LAST_UPDATED_BY,LAST_UPDATED_DATETIME,EMAIL,ACCOUNT_ENABLED,FIRST_NAME,LAST_NAME,MIDDLE_NAME,PASSWORD,STORE_CODE,USERNAME,VERSION,INVENTORY_LOCATION) values (5,null,null,null,null,null,'Y',null,null,null,'$2a$10$3u0qprI3UigL1oqaFxznuumX.wxls0881ken0s/IQKlyhJXfJWi7S','HO','marketinghead',1,null);
Insert into CRM_USER (ID,CREATED_BY,CREATED_DATETIME,LAST_UPDATED_BY,LAST_UPDATED_DATETIME,EMAIL,ACCOUNT_ENABLED,FIRST_NAME,LAST_NAME,MIDDLE_NAME,PASSWORD,STORE_CODE,USERNAME,VERSION,INVENTORY_LOCATION) values (6,null,null,null,null,null,'Y',null,null,null,'$2a$10$3u0qprI3UigL1oqaFxznuumX.wxls0881ken0s/IQKlyhJXfJWi7S','HO','hr',1,null);
Insert into CRM_USER (ID,CREATED_BY,CREATED_DATETIME,LAST_UPDATED_BY,LAST_UPDATED_DATETIME,EMAIL,ACCOUNT_ENABLED,FIRST_NAME,LAST_NAME,MIDDLE_NAME,PASSWORD,STORE_CODE,USERNAME,VERSION,INVENTORY_LOCATION) values (7,null,null,null,null,null,'Y',null,null,null,'$2a$10$3u0qprI3UigL1oqaFxznuumX.wxls0881ken0s/IQKlyhJXfJWi7S','HO','hrs',1,null);
Insert into CRM_USER (ID,CREATED_BY,CREATED_DATETIME,LAST_UPDATED_BY,LAST_UPDATED_DATETIME,EMAIL,ACCOUNT_ENABLED,FIRST_NAME,LAST_NAME,MIDDLE_NAME,PASSWORD,STORE_CODE,USERNAME,VERSION,INVENTORY_LOCATION) values (8,null,null,null,null,null,'Y',null,null,null,'$2a$10$3u0qprI3UigL1oqaFxznuumX.wxls0881ken0s/IQKlyhJXfJWi7S','HO','gc',1,null);
Insert into CRM_USER (ID,CREATED_BY,CREATED_DATETIME,LAST_UPDATED_BY,LAST_UPDATED_DATETIME,EMAIL,ACCOUNT_ENABLED,FIRST_NAME,LAST_NAME,MIDDLE_NAME,PASSWORD,STORE_CODE,USERNAME,VERSION,INVENTORY_LOCATION) values (9,null,null,null,null,null,'Y',null,null,null,'$2a$10$3u0qprI3UigL1oqaFxznuumX.wxls0881ken0s/IQKlyhJXfJWi7S','HO','gcs',1,null);
Insert into CRM_USER (ID,CREATED_BY,CREATED_DATETIME,LAST_UPDATED_BY,LAST_UPDATED_DATETIME,EMAIL,ACCOUNT_ENABLED,FIRST_NAME,LAST_NAME,MIDDLE_NAME,PASSWORD,STORE_CODE,USERNAME,VERSION,INVENTORY_LOCATION) values (10,null,null,null,null,null,'Y',null,null,null,'$2a$10$3u0qprI3UigL1oqaFxznuumX.wxls0881ken0s/IQKlyhJXfJWi7S','HO','sc',1,null);
Insert into CRM_USER (ID,CREATED_BY,CREATED_DATETIME,LAST_UPDATED_BY,LAST_UPDATED_DATETIME,EMAIL,ACCOUNT_ENABLED,FIRST_NAME,LAST_NAME,MIDDLE_NAME,PASSWORD,STORE_CODE,USERNAME,VERSION,INVENTORY_LOCATION) values (11,null,null,null,null,null,'Y',null,null,null,'$2a$10$3u0qprI3UigL1oqaFxznuumX.wxls0881ken0s/IQKlyhJXfJWi7S','DENPASAR','sch',1,null);
Insert into CRM_USER (ID,CREATED_BY,CREATED_DATETIME,LAST_UPDATED_BY,LAST_UPDATED_DATETIME,EMAIL,ACCOUNT_ENABLED,FIRST_NAME,LAST_NAME,MIDDLE_NAME,PASSWORD,STORE_CODE,USERNAME,VERSION,INVENTORY_LOCATION) values (12,null,null,null,null,null,'Y',null,null,null,'$2a$10$3u0qprI3UigL1oqaFxznuumX.wxls0881ken0s/IQKlyhJXfJWi7S','HO','sm',1,null);
Insert into CRM_USER (ID,CREATED_BY,CREATED_DATETIME,LAST_UPDATED_BY,LAST_UPDATED_DATETIME,EMAIL,ACCOUNT_ENABLED,FIRST_NAME,LAST_NAME,MIDDLE_NAME,PASSWORD,STORE_CODE,USERNAME,VERSION,INVENTORY_LOCATION) values (14,null,null,null,null,null,'Y',null,null,null,'$2a$10$3u0qprI3UigL1oqaFxznuumX.wxls0881ken0s/IQKlyhJXfJWi7S','HO','member',1,null);
Insert into CRM_USER (ID,CREATED_BY,CREATED_DATETIME,LAST_UPDATED_BY,LAST_UPDATED_DATETIME,EMAIL,ACCOUNT_ENABLED,FIRST_NAME,LAST_NAME,MIDDLE_NAME,PASSWORD,STORE_CODE,USERNAME,VERSION,INVENTORY_LOCATION) values (15,null,null,null,null,null,'Y',null,null,null,'$2a$10$3u0qprI3UigL1oqaFxznuumX.wxls0881ken0s/IQKlyhJXfJWi7S','DENPASAR','cs1',1,null);
Insert into CRM_USER (ID,CREATED_BY,CREATED_DATETIME,LAST_UPDATED_BY,LAST_UPDATED_DATETIME,EMAIL,ACCOUNT_ENABLED,FIRST_NAME,LAST_NAME,MIDDLE_NAME,PASSWORD,STORE_CODE,USERNAME,VERSION,INVENTORY_LOCATION) values (16,null,null,null,null,null,'Y',null,null,null,'$2a$10$3u0qprI3UigL1oqaFxznuumX.wxls0881ken0s/IQKlyhJXfJWi7S','LEBAK_BULUS','cs2',1,null);
Insert into CRM_USER (ID,CREATED_BY,CREATED_DATETIME,LAST_UPDATED_BY,LAST_UPDATED_DATETIME,EMAIL,ACCOUNT_ENABLED,FIRST_NAME,LAST_NAME,MIDDLE_NAME,PASSWORD,STORE_CODE,USERNAME,VERSION,INVENTORY_LOCATION) values (17,null,null,null,null,null,'Y',null,null,null,'$2a$10$3u0qprI3UigL1oqaFxznuumX.wxls0881ken0s/IQKlyhJXfJWi7S','22022','cs3',1,null);
Insert into CRM_USER (ID,CREATED_BY,CREATED_DATETIME,LAST_UPDATED_BY,LAST_UPDATED_DATETIME,EMAIL,ACCOUNT_ENABLED,FIRST_NAME,LAST_NAME,MIDDLE_NAME,PASSWORD,STORE_CODE,USERNAME,VERSION,INVENTORY_LOCATION) values (18,null,null,null,null,null,'Y',null,null,null,'$2a$10$3u0qprI3UigL1oqaFxznuumX.wxls0881ken0s/IQKlyhJXfJWi7S','DENPASAR','hr1',1,null);
Insert into CRM_USER (ID,CREATED_BY,CREATED_DATETIME,LAST_UPDATED_BY,LAST_UPDATED_DATETIME,EMAIL,ACCOUNT_ENABLED,FIRST_NAME,LAST_NAME,MIDDLE_NAME,PASSWORD,STORE_CODE,USERNAME,VERSION,INVENTORY_LOCATION) values (19,null,null,null,null,null,'Y',null,null,null,'$2a$10$3u0qprI3UigL1oqaFxznuumX.wxls0881ken0s/IQKlyhJXfJWi7S','LEBAK_BULUS','hr2',1,null);
Insert into CRM_USER (ID,CREATED_BY,CREATED_DATETIME,LAST_UPDATED_BY,LAST_UPDATED_DATETIME,EMAIL,ACCOUNT_ENABLED,FIRST_NAME,LAST_NAME,MIDDLE_NAME,PASSWORD,STORE_CODE,USERNAME,VERSION,INVENTORY_LOCATION) values (20,null,null,null,null,null,'Y',null,null,null,'$2a$10$3u0qprI3UigL1oqaFxznuumX.wxls0881ken0s/IQKlyhJXfJWi7S','22022','hr3',1,null);

Insert into CRM_USER_ROLE (CODE,CREATED_BY,CREATED_DATETIME,LAST_UPDATED_BY,LAST_UPDATED_DATETIME,DESCRIPTION,ENABLED,VERSION,ORDER_NO,SUPERVISOR_ROLE_CODE) values ('ROLE_ADMIN',null,null,null,null,'Admin','Y',1,1,null);
Insert into CRM_USER_ROLE (CODE,CREATED_BY,CREATED_DATETIME,LAST_UPDATED_BY,LAST_UPDATED_DATETIME,DESCRIPTION,ENABLED,VERSION,ORDER_NO,SUPERVISOR_ROLE_CODE) values ('ROLE_CS',null,null,null,null,'Customer Support','Y',1,5,'ROLE_CSS');
Insert into CRM_USER_ROLE (CODE,CREATED_BY,CREATED_DATETIME,LAST_UPDATED_BY,LAST_UPDATED_DATETIME,DESCRIPTION,ENABLED,VERSION,ORDER_NO,SUPERVISOR_ROLE_CODE) values ('ROLE_CSS',null,null,null,null,'Customer Support Supervisor','Y',1,null,null);
Insert into CRM_USER_ROLE (CODE,CREATED_BY,CREATED_DATETIME,LAST_UPDATED_BY,LAST_UPDATED_DATETIME,DESCRIPTION,ENABLED,VERSION,ORDER_NO,SUPERVISOR_ROLE_CODE) values ('ROLE_MARKETING',null,null,null,null,'Marketing','Y',1,2,'ROLE_MARKETING_HEAD');
Insert into CRM_USER_ROLE (CODE,CREATED_BY,CREATED_DATETIME,LAST_UPDATED_BY,LAST_UPDATED_DATETIME,DESCRIPTION,ENABLED,VERSION,ORDER_NO,SUPERVISOR_ROLE_CODE) values ('ROLE_MARKETING_HEAD',null,null,null,null,'Marketing Head','Y',1,null,null);
Insert into CRM_USER_ROLE (CODE,CREATED_BY,CREATED_DATETIME,LAST_UPDATED_BY,LAST_UPDATED_DATETIME,DESCRIPTION,ENABLED,VERSION,ORDER_NO,SUPERVISOR_ROLE_CODE) values ('ROLE_HR',null,null,null,null,'HR','Y',1,4,'ROLE_HRS');
Insert into CRM_USER_ROLE (CODE,CREATED_BY,CREATED_DATETIME,LAST_UPDATED_BY,LAST_UPDATED_DATETIME,DESCRIPTION,ENABLED,VERSION,ORDER_NO,SUPERVISOR_ROLE_CODE) values ('ROLE_HRS',null,null,null,null,'HR Supervisor','Y',1,null,null);
Insert into CRM_USER_ROLE (CODE,CREATED_BY,CREATED_DATETIME,LAST_UPDATED_BY,LAST_UPDATED_DATETIME,DESCRIPTION,ENABLED,VERSION,ORDER_NO,SUPERVISOR_ROLE_CODE) values ('ROLE_MERCHANT_SERVICE',null,null,null,null,'General Merchant Service Role','Y',1,3,'ROLE_MERCHANT_SERVICE_SUPERVISOR');
Insert into CRM_USER_ROLE (CODE,CREATED_BY,CREATED_DATETIME,LAST_UPDATED_BY,LAST_UPDATED_DATETIME,DESCRIPTION,ENABLED,VERSION,ORDER_NO,SUPERVISOR_ROLE_CODE) values ('ROLE_MERCHANT_SERVICE_SUPERVISOR',null,null,null,null,'Merchant Service Supervisor','Y',1,null,null);
Insert into CRM_USER_ROLE (CODE,CREATED_BY,CREATED_DATETIME,LAST_UPDATED_BY,LAST_UPDATED_DATETIME,DESCRIPTION,ENABLED,VERSION,ORDER_NO,SUPERVISOR_ROLE_CODE) values ('ROLE_STORE_CASHIER_HEAD',null,null,null,null,'Store Cashier Head','N',1,null,null);
Insert into CRM_USER_ROLE (CODE,CREATED_BY,CREATED_DATETIME,LAST_UPDATED_BY,LAST_UPDATED_DATETIME,DESCRIPTION,ENABLED,VERSION,ORDER_NO,SUPERVISOR_ROLE_CODE) values ('ROLE_STORE_MANAGER',null,null,null,null,'Store Manager','N',1,null,null);
Insert into CRM_USER_ROLE (CODE,CREATED_BY,CREATED_DATETIME,LAST_UPDATED_BY,LAST_UPDATED_DATETIME,DESCRIPTION,ENABLED,VERSION,ORDER_NO,SUPERVISOR_ROLE_CODE) values ('ROLE_MEMBER',null,null,null,null,'Member','Y',1,null,null);
Insert into CRM_USER_ROLE (CODE,CREATED_BY,CREATED_DATETIME,LAST_UPDATED_BY,LAST_UPDATED_DATETIME,DESCRIPTION,ENABLED,VERSION,ORDER_NO,SUPERVISOR_ROLE_CODE) values ('ROLE_REPORTS',null,null,null,null,'Reports','Y',1,7,null);

Insert into CRM_USER_PERMISSION (CODE,CREATED_BY,CREATED_DATETIME,LAST_UPDATED_BY,LAST_UPDATED_DATETIME,DESCRIPTION,STATUS,ROLE_CATEGORY) values ('USER_MANAGEMENT',null,null,null,null,'Manage user information, roles and permissions','ACTIVE','ROLE_ADMIN');
Insert into CRM_USER_PERMISSION (CODE,CREATED_BY,CREATED_DATETIME,LAST_UPDATED_BY,LAST_UPDATED_DATETIME,DESCRIPTION,STATUS,ROLE_CATEGORY) values ('LOOKUP_MANAGEMENT',null,null,null,null,'Manage lookup or reference data.','ACTIVE','ROLE_ADMIN');
Insert into CRM_USER_PERMISSION (CODE,CREATED_BY,CREATED_DATETIME,LAST_UPDATED_BY,LAST_UPDATED_DATETIME,DESCRIPTION,STATUS,ROLE_CATEGORY) values ('POINTS_CONFIGURATION',null,null,null,null,'Manage points Configuration','ACTIVE','ROLE_ADMIN');
Insert into CRM_USER_PERMISSION (CODE,CREATED_BY,CREATED_DATETIME,LAST_UPDATED_BY,LAST_UPDATED_DATETIME,DESCRIPTION,STATUS,ROLE_CATEGORY) values ('CITY_PROVINCE_LOOKUP',null,null,null,null,'Manage City/Province Lookup','ACTIVE','ROLE_ADMIN');
Insert into CRM_USER_PERMISSION (CODE,CREATED_BY,CREATED_DATETIME,LAST_UPDATED_BY,LAST_UPDATED_DATETIME,DESCRIPTION,STATUS,ROLE_CATEGORY) values ('HR_OVERRIDE_PERMISSIONS_SETUP',null,null,null,null,'HR Override Permissions Setup','ACTIVE','ROLE_ADMIN');
Insert into CRM_USER_PERMISSION (CODE,CREATED_BY,CREATED_DATETIME,LAST_UPDATED_BY,LAST_UPDATED_DATETIME,DESCRIPTION,STATUS,ROLE_CATEGORY) values ('POINTS_OVVERIDE_PERMISSIONS_SETUP',null,null,null,null,'Points Override Permissions Setup','ACTIVE','ROLE_ADMIN');
Insert into CRM_USER_PERMISSION (CODE,CREATED_BY,CREATED_DATETIME,LAST_UPDATED_BY,LAST_UPDATED_DATETIME,DESCRIPTION,STATUS,ROLE_CATEGORY) values ('REPORT_MEMBER_REGISTRATION_SUMMARY_VIEW',null,null,null,null,'View Member Registration Summary Report','ACTIVE','ROLE_REPORTS');
Insert into CRM_USER_PERMISSION (CODE,CREATED_BY,CREATED_DATETIME,LAST_UPDATED_BY,LAST_UPDATED_DATETIME,DESCRIPTION,STATUS,ROLE_CATEGORY) values ('REPORT_MEMBER_CARD_ACTIVATION_SUMMARY_VIEW',null,null,null,null,'View Member Card Activation Summary Report','ACTIVE','ROLE_REPORTS');
Insert into CRM_USER_PERMISSION (CODE,CREATED_BY,CREATED_DATETIME,LAST_UPDATED_BY,LAST_UPDATED_DATETIME,DESCRIPTION,STATUS,ROLE_CATEGORY) values ('REPORT_EMPLOYEE_REGISTRATION_SUMMARY_VIEW',null,null,null,null,'View Employee Registration Summary Report','ACTIVE','ROLE_REPORTS');
Insert into CRM_USER_PERMISSION (CODE,CREATED_BY,CREATED_DATETIME,LAST_UPDATED_BY,LAST_UPDATED_DATETIME,DESCRIPTION,STATUS,ROLE_CATEGORY) values ('REPORT_EMPLOYEE_REWARDS_BY_LOCATION_SUMMARY_VIEW',null,null,null,null,'View Employee Rewards By Location Summary Report','ACTIVE','ROLE_REPORTS');
Insert into CRM_USER_PERMISSION (CODE,CREATED_BY,CREATED_DATETIME,LAST_UPDATED_BY,LAST_UPDATED_DATETIME,DESCRIPTION,STATUS,ROLE_CATEGORY) values ('REPORT_EMPLOYEE_SHOPPING_REWARD_SUMMARY_VIEW',null,null,null,null,'View Employee Shopping Reward Summary Report','ACTIVE','ROLE_REPORTS');
Insert into CRM_USER_PERMISSION (CODE,CREATED_BY,CREATED_DATETIME,LAST_UPDATED_BY,LAST_UPDATED_DATETIME,DESCRIPTION,STATUS,ROLE_CATEGORY) values ('IND_PROF_POINTS_ADJUSTMENT',null,null,null,null,'Manage individual and professional points adjustment','ACTIVE','ROLE_CS,ROLE_CSS');
Insert into CRM_USER_PERMISSION (CODE,CREATED_BY,CREATED_DATETIME,LAST_UPDATED_BY,LAST_UPDATED_DATETIME,DESCRIPTION,STATUS,ROLE_CATEGORY) values ('IND_PROF_MEMBERS_MANAGEMENT',null,null,null,null,'Manage individual and professional members','ACTIVE','ROLE_CS,ROLE_CSS,ROLE_STORE_MANAGER');
Insert into CRM_USER_PERMISSION (CODE,CREATED_BY,CREATED_DATETIME,LAST_UPDATED_BY,LAST_UPDATED_DATETIME,DESCRIPTION,STATUS,ROLE_CATEGORY) values ('PROMOTIONS_MANAGEMENT',null,null,null,null,'Manage promotions','ACTIVE','ROLE_MARKETING,ROLE_MARKETING_HEAD');
Insert into CRM_USER_PERMISSION (CODE,CREATED_BY,CREATED_DATETIME,LAST_UPDATED_BY,LAST_UPDATED_DATETIME,DESCRIPTION,STATUS,ROLE_CATEGORY) values ('STORE_GROUP_MANAGEMENT',null,null,null,null,'Manage store group','ACTIVE','ROLE_MARKETING,ROLE_MARKETING_HEAD');
Insert into CRM_USER_PERMISSION (CODE,CREATED_BY,CREATED_DATETIME,LAST_UPDATED_BY,LAST_UPDATED_DATETIME,DESCRIPTION,STATUS,ROLE_CATEGORY) values ('PRODUCT_GROUP_MANAGEMENT',null,null,null,null,'Manage product group','ACTIVE','ROLE_MARKETING,ROLE_MARKETING_HEAD');
Insert into CRM_USER_PERMISSION (CODE,CREATED_BY,CREATED_DATETIME,LAST_UPDATED_BY,LAST_UPDATED_DATETIME,DESCRIPTION,STATUS,ROLE_CATEGORY) values ('CUSTOMER_GROUP_MANAGEMENT',null,null,null,null,'Manage customer group','ACTIVE','ROLE_MARKETING,ROLE_MARKETING_HEAD');
Insert into CRM_USER_PERMISSION (CODE,CREATED_BY,CREATED_DATETIME,LAST_UPDATED_BY,LAST_UPDATED_DATETIME,DESCRIPTION,STATUS,ROLE_CATEGORY) values ('UPLOAD_IND_PROF_MEMBERS',null,null,null,null,'Upload individual and professional members','ACTIVE','ROLE_CS,ROLE_CSS,ROLE_MARKETING,ROLE_MARKETING_HEAD');
Insert into CRM_USER_PERMISSION (CODE,CREATED_BY,CREATED_DATETIME,LAST_UPDATED_BY,LAST_UPDATED_DATETIME,DESCRIPTION,STATUS,ROLE_CATEGORY) values ('EMPLOYEE_MANAGEMENT',null,null,null,null,'Manage employees','ACTIVE','ROLE_HR,ROLE_HRS');
Insert into CRM_USER_PERMISSION (CODE,CREATED_BY,CREATED_DATETIME,LAST_UPDATED_BY,LAST_UPDATED_DATETIME,DESCRIPTION,STATUS,ROLE_CATEGORY) values ('UPLOAD_EMPLOYEES',null,null,null,null,'Upload employees','ACTIVE','ROLE_HR,ROLE_HRS');
Insert into CRM_USER_PERMISSION (CODE,CREATED_BY,CREATED_DATETIME,LAST_UPDATED_BY,LAST_UPDATED_DATETIME,DESCRIPTION,STATUS,ROLE_CATEGORY) values ('EMP_PURCHASE_ADJUSTMENT',null,null,null,null,'Manage employee purchase adjustments','ACTIVE','ROLE_HR,ROLE_HRS');
Insert into CRM_USER_PERMISSION (CODE,CREATED_BY,CREATED_DATETIME,LAST_UPDATED_BY,LAST_UPDATED_DATETIME,DESCRIPTION,STATUS,ROLE_CATEGORY) values ('EMP_POINTS_ADJUSTMENT',null,null,null,null,'Manage employee points adjustment','ACTIVE','ROLE_HR,ROLE_HRS');
Insert into CRM_USER_PERMISSION (CODE,CREATED_BY,CREATED_DATETIME,LAST_UPDATED_BY,LAST_UPDATED_DATETIME,DESCRIPTION,STATUS,ROLE_CATEGORY) values ('REWARDS_GENERATION_SCHEDULE',null,null,null,null,'Manage rewards generations schedule','ACTIVE','ROLE_HRS');
Insert into CRM_USER_PERMISSION (CODE,CREATED_BY,CREATED_DATETIME,LAST_UPDATED_BY,LAST_UPDATED_DATETIME,DESCRIPTION,STATUS,ROLE_CATEGORY) values ('REWARDS_APPROVAL',null,null,null,null,'Manage rewards approval','ACTIVE','ROLE_HRS');
Insert into CRM_USER_PERMISSION (CODE,CREATED_BY,CREATED_DATETIME,LAST_UPDATED_BY,LAST_UPDATED_DATETIME,DESCRIPTION,STATUS,ROLE_CATEGORY) values ('EMP_REWARDS_SCHEME_MANAGEMENT',null,null,null,null,'Manage employee rewards scheme','ACTIVE','ROLE_HRS');
Insert into CRM_USER_PERMISSION (CODE,CREATED_BY,CREATED_DATETIME,LAST_UPDATED_BY,LAST_UPDATED_DATETIME,DESCRIPTION,STATUS,ROLE_CATEGORY) values ('VENDOR_MANAGEMENT',null,null,null,null,'Vendor Management','ACTIVE','ROLE_MERCHANT_SERVICE,ROLE_MERCHANT_SERVICE_SUPERVISOR');
Insert into CRM_USER_PERMISSION (CODE,CREATED_BY,CREATED_DATETIME,LAST_UPDATED_BY,LAST_UPDATED_DATETIME,DESCRIPTION,STATUS,ROLE_CATEGORY) values ('LC_MO',null,null,null,null,'Manage loyalty card manufacture ordering','ACTIVE','ROLE_MERCHANT_SERVICE,ROLE_MERCHANT_SERVICE_SUPERVISOR');
Insert into CRM_USER_PERMISSION (CODE,CREATED_BY,CREATED_DATETIME,LAST_UPDATED_BY,LAST_UPDATED_DATETIME,DESCRIPTION,STATUS,ROLE_CATEGORY) values ('LC_INV',null,null,null,null,'Manage loyalty card inventory','ACTIVE','ROLE_MERCHANT_SERVICE,ROLE_MERCHANT_SERVICE_SUPERVISOR,ROLE_STORE_CASHIER_HEAD,ROLE_STORE_MANAGER');
Insert into CRM_USER_PERMISSION (CODE,CREATED_BY,CREATED_DATETIME,LAST_UPDATED_BY,LAST_UPDATED_DATETIME,DESCRIPTION,STATUS,ROLE_CATEGORY) values ('LC_D2D_TRACKING',null,null,null,null,'Manage loyalty card day to day tracking','ACTIVE','ROLE_MERCHANT_SERVICE,ROLE_MERCHANT_SERVICE_SUPERVISOR,ROLE_STORE_MANAGER');
Insert into CRM_USER_PERMISSION (CODE,CREATED_BY,CREATED_DATETIME,LAST_UPDATED_BY,LAST_UPDATED_DATETIME,DESCRIPTION,STATUS,ROLE_CATEGORY) values ('LC_PHYSL_COUNT',null,null,null,null,'Manage loyalty card physical count','ACTIVE','ROLE_MERCHANT_SERVICE,ROLE_MERCHANT_SERVICE_SUPERVISOR,ROLE_STORE_MANAGER');
Insert into CRM_USER_PERMISSION (CODE,CREATED_BY,CREATED_DATETIME,LAST_UPDATED_BY,LAST_UPDATED_DATETIME,DESCRIPTION,STATUS,ROLE_CATEGORY) values ('PROMO_BANNER_MANAGEMENT',null,null,null,null,'Manage promo banners','ACTIVE','ROLE_MARKETING,ROLE_MARKETING_HEAD');
Insert into CRM_USER_PERMISSION (CODE,CREATED_BY,CREATED_DATETIME,LAST_UPDATED_BY,LAST_UPDATED_DATETIME,DESCRIPTION,STATUS,ROLE_CATEGORY) values ('COMPLAINTS_MGMT',null,null,null,null,'Complaints Management','ACTIVE','ROLE_CS,ROLE_CSS');
Insert into CRM_USER_PERMISSION (CODE,CREATED_BY,CREATED_DATETIME,LAST_UPDATED_BY,LAST_UPDATED_DATETIME,DESCRIPTION,STATUS,ROLE_CATEGORY) values ('MEDIA_MGMT',null,null,null,null,'Media Management','ACTIVE','ROLE_MARKETING,ROLE_MARKETING_HEAD');
Insert into CRM_USER_PERMISSION (CODE,CREATED_BY,CREATED_DATETIME,LAST_UPDATED_BY,LAST_UPDATED_DATETIME,DESCRIPTION,STATUS,ROLE_CATEGORY) values ('REPORT_POINTS_ISSUANCE_BY_TYPES_SUMMARY_VIEW',null,null,null,null,'View Point Issuance Report','ACTIVE','ROLE_REPORTS');
Insert into CRM_USER_PERMISSION (CODE,CREATED_BY,CREATED_DATETIME,LAST_UPDATED_BY,LAST_UPDATED_DATETIME,DESCRIPTION,STATUS,ROLE_CATEGORY) values ('REPORT_POINTS_SUMMARY_MONTHLY_VIEW',null,null,null,null,'View Point Summary Monthly Report','ACTIVE','ROLE_REPORTS');
Insert into CRM_USER_PERMISSION (CODE,CREATED_BY,CREATED_DATETIME,LAST_UPDATED_BY,LAST_UPDATED_DATETIME,DESCRIPTION,STATUS,ROLE_CATEGORY) values ('REPORT_POINTS_SUMMARY_YEARLY_VIEW',null,null,null,null,'View Point Summary Yearly Report','ACTIVE','ROLE_REPORTS');
Insert into CRM_USER_PERMISSION (CODE,CREATED_BY,CREATED_DATETIME,LAST_UPDATED_BY,LAST_UPDATED_DATETIME,DESCRIPTION,STATUS,ROLE_CATEGORY) values ('REPORT_POINTS_SUMMARY_DAILY_VIEW',null,null,null,null,'View Point Summary Daily Report','ACTIVE','ROLE_REPORTS');
Insert into CRM_USER_PERMISSION (CODE,CREATED_BY,CREATED_DATETIME,LAST_UPDATED_BY,LAST_UPDATED_DATETIME,DESCRIPTION,STATUS,ROLE_CATEGORY) values ('RECON_MGMT',null,null,null,null,'Late Posting Management','ACTIVE','ROLE_HRS');
Insert into CRM_USER_PERMISSION (CODE,CREATED_BY,CREATED_DATETIME,LAST_UPDATED_BY,LAST_UPDATED_DATETIME,DESCRIPTION,STATUS,ROLE_CATEGORY) values ('MEMBER_MONITOR',null,null,null,null,'Monitor members that exceed a given transaction count','ACTIVE','ROLE_CS,ROLE_CSS');
Insert into CRM_USER_PERMISSION (CODE,CREATED_BY,CREATED_DATETIME,LAST_UPDATED_BY,LAST_UPDATED_DATETIME,DESCRIPTION,STATUS,ROLE_CATEGORY) values ('MEMBER_MONITOR_EMP',null,null,null,null,'Monitor employess that exceed a given transaction count','ACTIVE','ROLE_HR,ROLE_HRS');
Insert into CRM_USER_PERMISSION (CODE,CREATED_BY,CREATED_DATETIME,LAST_UPDATED_BY,LAST_UPDATED_DATETIME,DESCRIPTION,STATUS,ROLE_CATEGORY) values ('APP_CONFIGURATION',null,null,null,null,'Application Configuration','ACTIVE','ROLE_ADMIN');
Insert into CRM_USER_PERMISSION (CODE,CREATED_BY,CREATED_DATETIME,LAST_UPDATED_BY,LAST_UPDATED_DATETIME,DESCRIPTION,STATUS,ROLE_CATEGORY) values ('STORE_MEMBER_SCHEME',null,null,null,null,'Store-Member Scheme','ACTIVE','ROLE_ADMIN');
Insert into CRM_USER_PERMISSION (CODE,CREATED_BY,CREATED_DATETIME,LAST_UPDATED_BY,LAST_UPDATED_DATETIME,DESCRIPTION,STATUS,ROLE_CATEGORY) values ('LC_ANNUAL_FEE_SCHEME',null,null,null,null,'Manage loyalty card annual fee scheme','ACTIVE','ROLE_MARKETING_HEAD');
Insert into CRM_USER_PERMISSION (CODE,CREATED_BY,CREATED_DATETIME,LAST_UPDATED_BY,LAST_UPDATED_DATETIME,DESCRIPTION,STATUS,ROLE_CATEGORY) values ('REPORT_EMPLOYEE_PURCHASE_VIEW',null,null,null,null,'View Employee Purchase Report','ACTIVE','ROLE_REPORTS');
Insert into CRM_USER_PERMISSION (CODE,CREATED_BY,CREATED_DATETIME,LAST_UPDATED_BY,LAST_UPDATED_DATETIME,DESCRIPTION,STATUS,ROLE_CATEGORY) values ('LC_BURN_CARDS',null,null,null,null,'Burn loyalty cards','ACTIVE','ROLE_MERCHANT_SERVICE,ROLE_MERCHANT_SERVICE_SUPERVISOR');
Insert into CRM_USER_PERMISSION (CODE,CREATED_BY,CREATED_DATETIME,LAST_UPDATED_BY,LAST_UPDATED_DATETIME,DESCRIPTION,STATUS,ROLE_CATEGORY) values ('LC_APPROVE_BURN_CARDS',null,null,null,null,'Approve requests for burn loyalty cards','ACTIVE','ROLE_MERCHANT_SERVICE_SUPERVISOR');

Insert into CRM_USER_ROLE_PERMISSION (ID,CREATED_BY,CREATED_DATETIME,LAST_UPDATED_BY,LAST_UPDATED_DATETIME,PERM_ID,ROLE_ID,USER_ID) values (1,null,null,null,null,null,'ROLE_ADMIN',1);
Insert into CRM_USER_ROLE_PERMISSION (ID,CREATED_BY,CREATED_DATETIME,LAST_UPDATED_BY,LAST_UPDATED_DATETIME,PERM_ID,ROLE_ID,USER_ID) values (2,null,null,null,null,null,'ROLE_CS',2);
Insert into CRM_USER_ROLE_PERMISSION (ID,CREATED_BY,CREATED_DATETIME,LAST_UPDATED_BY,LAST_UPDATED_DATETIME,PERM_ID,ROLE_ID,USER_ID) values (3,null,null,null,null,null,'ROLE_CSS',3);
Insert into CRM_USER_ROLE_PERMISSION (ID,CREATED_BY,CREATED_DATETIME,LAST_UPDATED_BY,LAST_UPDATED_DATETIME,PERM_ID,ROLE_ID,USER_ID) values (4,null,null,null,null,null,'ROLE_MARKETING',4);
Insert into CRM_USER_ROLE_PERMISSION (ID,CREATED_BY,CREATED_DATETIME,LAST_UPDATED_BY,LAST_UPDATED_DATETIME,PERM_ID,ROLE_ID,USER_ID) values (5,null,null,null,null,null,'ROLE_MARKETING_HEAD',5);
Insert into CRM_USER_ROLE_PERMISSION (ID,CREATED_BY,CREATED_DATETIME,LAST_UPDATED_BY,LAST_UPDATED_DATETIME,PERM_ID,ROLE_ID,USER_ID) values (6,null,null,null,null,null,'ROLE_HR',6);
Insert into CRM_USER_ROLE_PERMISSION (ID,CREATED_BY,CREATED_DATETIME,LAST_UPDATED_BY,LAST_UPDATED_DATETIME,PERM_ID,ROLE_ID,USER_ID) values (7,null,null,null,null,null,'ROLE_HRS',7);
Insert into CRM_USER_ROLE_PERMISSION (ID,CREATED_BY,CREATED_DATETIME,LAST_UPDATED_BY,LAST_UPDATED_DATETIME,PERM_ID,ROLE_ID,USER_ID) values (8,null,null,null,null,null,'ROLE_MERCHANT_SERVICE',8);
Insert into CRM_USER_ROLE_PERMISSION (ID,CREATED_BY,CREATED_DATETIME,LAST_UPDATED_BY,LAST_UPDATED_DATETIME,PERM_ID,ROLE_ID,USER_ID) values (9,null,null,null,null,null,'ROLE_MERCHANT_SERVICE_SUPERVISOR',9);
Insert into CRM_USER_ROLE_PERMISSION (ID,CREATED_BY,CREATED_DATETIME,LAST_UPDATED_BY,LAST_UPDATED_DATETIME,PERM_ID,ROLE_ID,USER_ID) values (10,null,null,null,null,null,'ROLE_STORE_CASHIER_HEAD',10);
Insert into CRM_USER_ROLE_PERMISSION (ID,CREATED_BY,CREATED_DATETIME,LAST_UPDATED_BY,LAST_UPDATED_DATETIME,PERM_ID,ROLE_ID,USER_ID) values (11,null,null,null,null,null,'ROLE_STORE_CASHIER_HEAD',11);
Insert into CRM_USER_ROLE_PERMISSION (ID,CREATED_BY,CREATED_DATETIME,LAST_UPDATED_BY,LAST_UPDATED_DATETIME,PERM_ID,ROLE_ID,USER_ID) values (12,null,null,null,null,null,'ROLE_STORE_MANAGER',12);
Insert into CRM_USER_ROLE_PERMISSION (ID,CREATED_BY,CREATED_DATETIME,LAST_UPDATED_BY,LAST_UPDATED_DATETIME,PERM_ID,ROLE_ID,USER_ID) values (13,null,null,null,null,null,'ROLE_MEMBER',14);
Insert into CRM_USER_ROLE_PERMISSION (ID,CREATED_BY,CREATED_DATETIME,LAST_UPDATED_BY,LAST_UPDATED_DATETIME,PERM_ID,ROLE_ID,USER_ID) values (14,null,null,null,null,null,'ROLE_CS',15);
Insert into CRM_USER_ROLE_PERMISSION (ID,CREATED_BY,CREATED_DATETIME,LAST_UPDATED_BY,LAST_UPDATED_DATETIME,PERM_ID,ROLE_ID,USER_ID) values (15,null,null,null,null,null,'ROLE_CS',16);
Insert into CRM_USER_ROLE_PERMISSION (ID,CREATED_BY,CREATED_DATETIME,LAST_UPDATED_BY,LAST_UPDATED_DATETIME,PERM_ID,ROLE_ID,USER_ID) values (16,null,null,null,null,null,'ROLE_CS',17);
Insert into CRM_USER_ROLE_PERMISSION (ID,CREATED_BY,CREATED_DATETIME,LAST_UPDATED_BY,LAST_UPDATED_DATETIME,PERM_ID,ROLE_ID,USER_ID) values (17,null,null,null,null,null,'ROLE_HR',18);
Insert into CRM_USER_ROLE_PERMISSION (ID,CREATED_BY,CREATED_DATETIME,LAST_UPDATED_BY,LAST_UPDATED_DATETIME,PERM_ID,ROLE_ID,USER_ID) values (18,null,null,null,null,null,'ROLE_HR',19);
Insert into CRM_USER_ROLE_PERMISSION (ID,CREATED_BY,CREATED_DATETIME,LAST_UPDATED_BY,LAST_UPDATED_DATETIME,PERM_ID,ROLE_ID,USER_ID) values (19,null,null,null,null,null,'ROLE_HR',20);
Insert into CRM_USER_ROLE_PERMISSION (ID,CREATED_BY,CREATED_DATETIME,LAST_UPDATED_BY,LAST_UPDATED_DATETIME,PERM_ID,ROLE_ID,USER_ID) values (20,null,null,null,null,'USER_MANAGEMENT','ROLE_ADMIN',1);