-- LOOKUPS
INSERT INTO CRM_REF_LOOKUP_HDR(CODE, DESCRIPTION) VALUES ('MKT001', 'PAYMENT TYPE');
INSERT INTO CRM_REF_LOOKUP_DTL(CODE, DESCRIPTION, HDR, STATUS) VALUES ('PTYP001', 'CASH', 'MKT001', 'ACTIVE');
INSERT INTO CRM_REF_LOOKUP_DTL(CODE, DESCRIPTION, HDR, STATUS) VALUES ('PTYP002', 'GIFT CARD', 'MKT001', 'ACTIVE');
INSERT INTO CRM_REF_LOOKUP_DTL(CODE, DESCRIPTION, HDR, STATUS) VALUES ('PTYP003', 'VOUCHER', 'MKT001', 'ACTIVE');
INSERT INTO CRM_REF_LOOKUP_DTL(CODE, DESCRIPTION, HDR, STATUS) VALUES ('PTYP004', 'LOYALTY POINTS', 'MKT001', 'ACTIVE');
INSERT INTO CRM_REF_LOOKUP_DTL(CODE, DESCRIPTION, HDR, STATUS) VALUES ('PTYP005', 'FLAZZ', 'MKT001', 'ACTIVE');
INSERT INTO CRM_REF_LOOKUP_DTL(CODE, DESCRIPTION, HDR, STATUS) VALUES ('PTYP006', 'COUPON', 'MKT001', 'ACTIVE');
INSERT INTO CRM_REF_LOOKUP_DTL(CODE, DESCRIPTION, HDR, STATUS) VALUES ('PTYP007', 'Installment', 'MKT001', 'ACTIVE');
INSERT INTO CRM_REF_LOOKUP_DTL(CODE, DESCRIPTION, HDR, STATUS) VALUES ('PTYP008', 'EFT', 'MKT001', 'ACTIVE');
INSERT INTO CRM_REF_LOOKUP_HDR(CODE, DESCRIPTION) VALUES ('GEN003', 'GENERAL STATUS TYPE');
INSERT INTO CRM_REF_LOOKUP_DTL(CODE, DESCRIPTION, HDR, STATUS) VALUES ('STAT001', 'ACTIVE', 'GEN003', 'ACTIVE');

-- INSERT CRM_MEMBER_GRP
INSERT INTO CRM_MEMBER_GRP(ID,NAME) VALUES (1,'MEMBER GROUP 1');
INSERT INTO CRM_MEMBER_GRP(ID,NAME) VALUES (2,'MEMBER GROUP 2');
INSERT INTO CRM_MEMBER_GRP(ID,NAME) VALUES (3,'MEMBER GROUP 3');
INSERT INTO CRM_MEMBER_GRP(ID,NAME) VALUES (4,'MEMBER GROUP 4');
INSERT INTO CRM_MEMBER_GRP(ID,NAME) VALUES (5,'MEMBER GROUP 5');
-- INSERT CRM_PRODUCT_GRP
INSERT INTO CRM_PRODUCT_GRP(ID,NAME,PRODUCTS) VALUES (1,'PRODUCT GROUP 1','FANTA,POP,SARSI,RC COLA,TWIST,SPARKLE');
INSERT INTO CRM_PRODUCT_GRP(ID,NAME,PRODUCTS) VALUES (2,'PRODUCT GROUP 2','FANTA,POP,SARSI,RC COLA,TWIST,SPARKLE');
INSERT INTO CRM_PRODUCT_GRP(ID,NAME,PRODUCTS) VALUES (3,'PRODUCT GROUP 3','FANTA,POP,SARSI,RC COLA,TWIST,SPARKLE');
INSERT INTO CRM_PRODUCT_GRP(ID,NAME,PRODUCTS) VALUES (4,'PRODUCT GROUP 4','FANTA,POP,SARSI,RC COLA,TWIST,SPARKLE');
INSERT INTO CRM_PRODUCT_GRP(ID,NAME,PRODUCTS) VALUES (5,'PRODUCT GROUP 5','FANTA,POP,SARSI,RC COLA,TWIST,SPARKLE');
-- INSERT CRM_STORE_GROUP
INSERT INTO CRM_STORE_GROUP(ID,NAME,STORES) VALUES (1,'STORE GROUP 1','LEBAK_BULUS,DENPASAR');
INSERT INTO CRM_STORE_GROUP(ID,NAME,STORES) VALUES (2,'STORE GROUP 2','LEBAK_BULUS,DENPASAR');
INSERT INTO CRM_STORE_GROUP(ID,NAME,STORES) VALUES (3,'STORE GROUP 3','LEBAK_BULUS,DENPASAR');
INSERT INTO CRM_STORE_GROUP(ID,NAME,STORES) VALUES (4,'STORE GROUP 4','LEBAK_BULUS,DENPASAR');
INSERT INTO CRM_STORE_GROUP(ID,NAME,STORES) VALUES (5,'STORE GROUP 5','LEBAK_BULUS,DENPASAR');
-- INSERT PROMOTIONS
INSERT INTO CRM_PROMOTION(ID,NAME,DESCRIPTION,START_DATE,END_DATE, STATUS) VALUES (1,'PROMO 1','PROMO 1','2013-11-01 00:00:00','2013-11-12 00:00:00','STAT001');
INSERT INTO CRM_PROMOTION(ID,NAME,DESCRIPTION,START_DATE,END_DATE, STATUS) VALUES (2,'PROMO 2','PROMO 2','2013-10-28 00:00:00','2013-11-05 00:00:00','STAT001');
INSERT INTO CRM_PROMOTION(ID,NAME,DESCRIPTION,START_DATE,END_DATE, STATUS) VALUES (3,'PROMO 3','PROMO 3','2013-11-08 00:00:00','2013-11-13 00:00:00','STAT001');
INSERT INTO CRM_PROMOTION(ID,NAME,DESCRIPTION,START_DATE,END_DATE, STATUS) VALUES (4,'PROMO 4','PROMO 4','2013-11-14 00:00:00','2013-11-25 00:00:00','STAT001');
INSERT INTO CRM_PROMOTION(ID,NAME,DESCRIPTION,START_DATE,END_DATE, STATUS) VALUES (5,'PROMO 5','PROMO 5','2013-11-15 00:00:00','2013-11-26 00:00:00','STAT001');
INSERT INTO CRM_PROMOTION(ID,NAME,DESCRIPTION,START_DATE,END_DATE, STATUS) VALUES (6,'PROMO 6','PROMO 6','2013-11-03 00:00:00','2013-11-10 00:00:00','STAT001');
-- INSERT INTO CRM_PROMOTION(ID,NAME,DESCRIPTION,START_DATE,END_DATE, STATUS) VALUES (6,'PROMO 6','PROMO 6','2013-11-03 00:00:00','2013-11-10 00:00:00','STAT001');

-- ASSOCIATE PROMOTIONS TO MEMBER GROUPS
INSERT INTO CRM_PROMOTION_MEMBER_GRP(ID,PROMOTION_ID,MEMBER_GRP_ID) VALUES (11,1,1);
INSERT INTO CRM_PROMOTION_MEMBER_GRP(ID,PROMOTION_ID,MEMBER_GRP_ID) VALUES (12,1,2);
INSERT INTO CRM_PROMOTION_MEMBER_GRP(ID,PROMOTION_ID,MEMBER_GRP_ID) VALUES (13,1,3);
INSERT INTO CRM_PROMOTION_MEMBER_GRP(ID,PROMOTION_ID,MEMBER_GRP_ID) VALUES (22,2,2);
INSERT INTO CRM_PROMOTION_MEMBER_GRP(ID,PROMOTION_ID,MEMBER_GRP_ID) VALUES (23,2,3);
INSERT INTO CRM_PROMOTION_MEMBER_GRP(ID,PROMOTION_ID,MEMBER_GRP_ID) VALUES (24,2,4);
INSERT INTO CRM_PROMOTION_MEMBER_GRP(ID,PROMOTION_ID,MEMBER_GRP_ID) VALUES (33,3,3);
INSERT INTO CRM_PROMOTION_MEMBER_GRP(ID,PROMOTION_ID,MEMBER_GRP_ID) VALUES (34,3,4);
INSERT INTO CRM_PROMOTION_MEMBER_GRP(ID,PROMOTION_ID,MEMBER_GRP_ID) VALUES (35,3,5);
INSERT INTO CRM_PROMOTION_MEMBER_GRP(ID,PROMOTION_ID,MEMBER_GRP_ID) VALUES (41,4,1);
INSERT INTO CRM_PROMOTION_MEMBER_GRP(ID,PROMOTION_ID,MEMBER_GRP_ID) VALUES (42,4,2);
INSERT INTO CRM_PROMOTION_MEMBER_GRP(ID,PROMOTION_ID,MEMBER_GRP_ID) VALUES (43,4,3);

INSERT INTO CRM_PROMOTION_PRODUCT_GRP(ID,PROMOTION_ID,PRODUCT_GRP_ID) VALUES (11,1,1);
INSERT INTO CRM_PROMOTION_PRODUCT_GRP(ID,PROMOTION_ID,PRODUCT_GRP_ID) VALUES (12,1,2);
INSERT INTO CRM_PROMOTION_PRODUCT_GRP(ID,PROMOTION_ID,PRODUCT_GRP_ID) VALUES (13,1,3);
INSERT INTO CRM_PROMOTION_PRODUCT_GRP(ID,PROMOTION_ID,PRODUCT_GRP_ID) VALUES (22,2,2);
INSERT INTO CRM_PROMOTION_PRODUCT_GRP(ID,PROMOTION_ID,PRODUCT_GRP_ID) VALUES (23,2,3);
INSERT INTO CRM_PROMOTION_PRODUCT_GRP(ID,PROMOTION_ID,PRODUCT_GRP_ID) VALUES (24,2,4);
INSERT INTO CRM_PROMOTION_PRODUCT_GRP(ID,PROMOTION_ID,PRODUCT_GRP_ID) VALUES (33,3,3);
INSERT INTO CRM_PROMOTION_PRODUCT_GRP(ID,PROMOTION_ID,PRODUCT_GRP_ID) VALUES (34,3,4);
INSERT INTO CRM_PROMOTION_PRODUCT_GRP(ID,PROMOTION_ID,PRODUCT_GRP_ID) VALUES (35,3,5);
INSERT INTO CRM_PROMOTION_PRODUCT_GRP(ID,PROMOTION_ID,PRODUCT_GRP_ID) VALUES (41,4,1);
INSERT INTO CRM_PROMOTION_PRODUCT_GRP(ID,PROMOTION_ID,PRODUCT_GRP_ID) VALUES (42,4,2);
INSERT INTO CRM_PROMOTION_PRODUCT_GRP(ID,PROMOTION_ID,PRODUCT_GRP_ID) VALUES (43,4,3);

INSERT INTO CRM_PROMOTION_STORE_GRP(ID,PROMOTION_ID,STORE_GRP_ID) VALUES (11,1,1);
INSERT INTO CRM_PROMOTION_STORE_GRP(ID,PROMOTION_ID,STORE_GRP_ID) VALUES (12,1,2);
INSERT INTO CRM_PROMOTION_STORE_GRP(ID,PROMOTION_ID,STORE_GRP_ID) VALUES (13,1,3);
INSERT INTO CRM_PROMOTION_STORE_GRP(ID,PROMOTION_ID,STORE_GRP_ID) VALUES (22,2,2);
INSERT INTO CRM_PROMOTION_STORE_GRP(ID,PROMOTION_ID,STORE_GRP_ID) VALUES (23,2,3);
INSERT INTO CRM_PROMOTION_STORE_GRP(ID,PROMOTION_ID,STORE_GRP_ID) VALUES (24,2,4);
INSERT INTO CRM_PROMOTION_STORE_GRP(ID,PROMOTION_ID,STORE_GRP_ID) VALUES (33,3,3);
INSERT INTO CRM_PROMOTION_STORE_GRP(ID,PROMOTION_ID,STORE_GRP_ID) VALUES (34,3,4);
INSERT INTO CRM_PROMOTION_STORE_GRP(ID,PROMOTION_ID,STORE_GRP_ID) VALUES (35,3,5);
INSERT INTO CRM_PROMOTION_STORE_GRP(ID,PROMOTION_ID,STORE_GRP_ID) VALUES (41,4,1);
INSERT INTO CRM_PROMOTION_STORE_GRP(ID,PROMOTION_ID,STORE_GRP_ID) VALUES (42,4,2);
INSERT INTO CRM_PROMOTION_STORE_GRP(ID,PROMOTION_ID,STORE_GRP_ID) VALUES (43,4,3);

-- Payment Types
INSERT INTO CRM_PROMOTION_PAYMENTTYPE(ID,PROMOTION_ID,PAYMENTTYPE_ID) VALUES ('1PTYP001',1,'PTYP001');
INSERT INTO CRM_PROMOTION_PAYMENTTYPE(ID,PROMOTION_ID,PAYMENTTYPE_ID) VALUES ('2PTYP001',2,'PTYP001');
INSERT INTO CRM_PROMOTION_PAYMENTTYPE(ID,PROMOTION_ID,PAYMENTTYPE_ID) VALUES ('3PTYP002',3,'PTYP002');
INSERT INTO CRM_PROMOTION_PAYMENTTYPE(ID,PROMOTION_ID,PAYMENTTYPE_ID) VALUES ('4PTYP001',4,'PTYP001');