INSERT INTO CRM_REF_LOOKUP_HDR(CODE, DESCRIPTION) VALUES ('GEN003', 'GENERAL STATUS TYPE');
INSERT INTO CRM_REF_LOOKUP_DTL(CODE, DESCRIPTION, HDR, STATUS) VALUES ('STAT001', 'ACTIVE', 'GEN003', 'ACTIVE');

INSERT INTO CRM_REF_LOOKUP_HDR(CODE, DESCRIPTION) VALUES ('MEM007', 'MEMBER TYPE');
INSERT INTO CRM_REF_LOOKUP_DTL(CODE, DESCRIPTION, HDR, STATUS) VALUES ('MTYP001', 'INDIVIDUAL', 'MEM007', 'ACTIVE');
INSERT INTO CRM_REF_LOOKUP_DTL(CODE, DESCRIPTION, HDR, STATUS) VALUES ('MTYP002', 'EMPLOYEE', 'MEM007', 'ACTIVE');
INSERT INTO CRM_REF_LOOKUP_DTL(CODE, DESCRIPTION, HDR, STATUS) VALUES ('MTYP003', 'PROFESSIONAL', 'MEM007', 'ACTIVE');

INSERT INTO CRM_MEMBER (ID, ACCOUNT_ID, FIRST_NAME, LAST_NAME, BIRTHDATE, USERNAME, PASSWORD, ACCOUNT_ENABLED, VERSION, PIN, CONTACT, TOTAL_POINTS, MEMBER_TYPE, STATUS) VALUES (1, 100, 'member1', 'member1', '2000-01-01 00:00:00.0', 'member1', '$2a$10$OV4DPTRjZE.yuSJ.qrwpA.0PJKh8KrXahpG6WGneYeaiZ6oaSPiLa', 'Y', 1, 1, '1111111', 8920, 'MTYP002', 'ACTIVE');
INSERT INTO CRM_MEMBER (ID, ACCOUNT_ID, FIRST_NAME, LAST_NAME, BIRTHDATE, USERNAME, PASSWORD, ACCOUNT_ENABLED, VERSION, PIN, CONTACT, TOTAL_POINTS, MEMBER_TYPE, STATUS) VALUES (2, 102, 'member2', 'member2', '2000-01-01 00:00:00.0', 'member2', '$2a$10$OV4DPTRjZE.yuSJ.qrwpA.0PJKh8KrXahpG6WGneYeaiZ6oaSPiLa', 'Y', 1, 2, '2222222', 11591, 'MTYP001', 'ACTIVE');

INSERT INTO STORE (STORE_ID,CODE,NAME) VALUES (3,'LEBAK_BULUS','Lebak Bulus');

INSERT INTO CRM_POINTS (ID, STORE_CODE, TXN_AMOUNT, TXN_POINTS, TXN_DATE, TXN_NO, TXN_TYPE, MEMBER_ID) VALUES ('1366', 'LEBAK_BULUS', 7443.0, 744, '2013-01-01 00:00:00', '1366', 'EARN', 1);
INSERT INTO CRM_POINTS (ID, STORE_CODE, TXN_AMOUNT, TXN_POINTS, TXN_DATE, TXN_NO, TXN_TYPE, MEMBER_ID) VALUES ('1367', 'LEBAK_BULUS', 3170.0, 317, '2013-01-02 00:00:00', '1367', 'EARN', 2);

INSERT INTO POS_TRANSACTION (ID, TRANSACTION_DATE, STORE_ID) VALUES ('1366', '2013-01-01 00:00:00', 3);
INSERT INTO POS_PAYMENT (ID, AMOUNT, MEDIA_TYPE , POS_TXN_ID) VALUES (1, 7443.0, 'PTYP001', '1366');

INSERT INTO POS_TRANSACTION (ID, TRANSACTION_DATE, STORE_ID) VALUES ('1367', '2013-01-02 00:00:00', 3);
INSERT INTO POS_PAYMENT (ID, AMOUNT, MEDIA_TYPE , POS_TXN_ID) VALUES (2, 3170.0, 'PTYP001', '1367');

INSERT INTO CRM_PROMOTION(ID,NAME,DESCRIPTION,START_DATE,END_DATE, STATUS) VALUES (1,'PROMO 1','PROMO 1','2013-11-01 00:00:00','2013-11-12 00:00:00','STAT001');
INSERT INTO CRM_PROMOTION(ID,NAME,DESCRIPTION,START_DATE,END_DATE, STATUS) VALUES (2,'PROMO 2','PROMO 2','2013-10-28 00:00:00','2013-11-05 00:00:00','STAT001');

insert into crm_points_promotion (id, txn_no, txn_points, store_code, member_id, promotion) values (1, '1366', 744, 3, 1, 1);
insert into crm_points_promotion (id, txn_no, txn_points, store_code, member_id, promotion) values (2, '1367', 317, 3, 2, 1);
