INSERT INTO STORE (STORE_ID, CODE, "NAME") VALUES (7, '20001', 'GROSERINDO');

INSERT INTO CRM_REF_LOOKUP_HDR (CODE, DESCRIPTION, CREATED_BY, CREATED_DATETIME, LAST_UPDATED_BY, LAST_UPDATED_DATETIME) VALUES ('STO001', 'REGION', NULL, NULL, NULL, NULL);
INSERT INTO CRM_REF_LOOKUP_DTL (CODE, DESCRIPTION, STATUS, HDR, CREATED_BY, CREATED_DATETIME, LAST_UPDATED_BY, LAST_UPDATED_DATETIME) VALUES ('SREG002', 'JAKARTA 3', 'ACTIVE', 'STO001', NULL, NULL, NULL, NULL);

INSERT INTO CRM_REF_LOOKUP_HDR (CODE, DESCRIPTION, CREATED_BY, CREATED_DATETIME, LAST_UPDATED_BY, LAST_UPDATED_DATETIME) VALUES ('STO000', 'BUSINESS UNIT', NULL, NULL, NULL, NULL);
INSERT INTO CRM_REF_LOOKUP_DTL (CODE, DESCRIPTION, STATUS, HDR, CREATED_BY, CREATED_DATETIME, LAST_UPDATED_BY, LAST_UPDATED_DATETIME) VALUES ('ID050', 'ARI', 'ACTIVE', 'STO000', NULL, NULL, NULL, NULL);

INSERT INTO CRM_STORE_PSOFT (ID, CREATED_BY, CREATED_DATETIME, LAST_UPDATED_BY, LAST_UPDATED_DATETIME, PSOFT_CODE, BU_CODE, STORE_CODE, ALLOW_GC_TXN, BU_REGION, BU_TERRITORY) VALUES (2339,'gcs', '2014-09-09 14:55:15.34', 'gcs', '2014-09-09 14:55:15.34', 'IDK001', 'ID050', '20001', 'Y', 'SREG002', NULL);

INSERT INTO CRM_FOR_PEOPLESOFT_CONFIG (ID, MMS_ACCT, PS_ACCT, TXN_TYPE, "TYPE") VALUES (20, '22', '26020300', 'AFFILIATE_REDEMPTION', 'Redemption of affiliates');
INSERT INTO CRM_FOR_PEOPLESOFT_CONFIG (ID, MMS_ACCT, PS_ACCT, TXN_TYPE, "TYPE") VALUES (2555, '22', '26020300', 'AFFILIATE_CLAIM', 'Claim to affiliates');

INSERT INTO CRM_BU_PSOFT_CONFIG (ID, BU, PSOFT_CONFIG_ID) VALUES (nextval('hibernate_sequence'),'ID050', 20);
INSERT INTO CRM_BU_PSOFT_CONFIG (ID, BU, PSOFT_CONFIG_ID) VALUES (nextval('hibernate_sequence'),'ID050', 2555);

INSERT INTO CRM_GC_VENDOR (ID, CREATED_BY, CREATED_DATETIME, LAST_UPDATED_BY, LAST_UPDATED_DATETIME, BANK_ACCT_NAME, BANK_ACCT_NO, BANK_NAME, DAYL_MANFTR_MAX, DAYL_SHIP_MAX, CNTACT_ADD, CNTACT_CELLNO, CNTACT_EMAIL, CNTACT_ID, CNTACT_NAME, CNTACT_PHNENO, CNTACT_TITLE, DAYS_ACCT_PAYMNT, DEFAULT_VENDOR, EMAIL_ADD, ENABLED, FAX, FORMAL_NAME, INVOICE_TITLE, MAIL_ADD, PAYMNT_METHOD, REGION, REG_ADD1, REG_PHONENO, SHORT_NAME) VALUES (1, NULL, NULL, NULL, NULL, NULL, NULL, NULL, NULL, NULL, NULL, NULL, NULL, NULL, NULL, NULL, NULL, NULL, 'Y', 'crm@transretail.com', 'Y', NULL, 'VENDOR01', NULL, 'ADD 01', NULL, 'REGION', NULL, NULL, NULL);

INSERT INTO CRM_GC_ORD (ID, CREATED_BY, CREATED_DATETIME, LAST_UPDATED_BY, LAST_UPDATED_DATETIME, MO_DATE, MO_NO, PO_DATE, PO_NO, STATUS, VENDOR, APPROVED_BY, APPROVAL_DATE, IS_EGC) VALUES (1336, 'gcs', '2014-09-09 14:49:02.235', 'gcs', '2014-09-09 14:49:31.285', '2014-09-09', '1409000001', '2014-09-09', '2134234234', 'FULL', 1, 'gcs', '2014-09-09 06:49:05.773', NULL);
INSERT INTO CRM_GC_ORD (ID, CREATED_BY, CREATED_DATETIME, LAST_UPDATED_BY, LAST_UPDATED_DATETIME, MO_DATE, MO_NO, PO_DATE, PO_NO, STATUS, VENDOR, APPROVED_BY, APPROVAL_DATE, IS_EGC) VALUES (2576, 'gcs', '2014-09-15 14:09:11.798', 'gcs', '2014-09-15 14:09:48.462', '2014-09-15', '1409000002', '2014-09-10', '324234328970887654356', 'FULL', 1, 'gcs', '2014-09-15 06:09:15.069', NULL);

INSERT INTO CRM_GC_PROD_PROFILE (ID, CREATED_BY, CREATED_DATETIME, LAST_UPDATED_BY, LAST_UPDATED_DATETIME, ALLOW_PARTIAL_REDEEM, ALLOW_RELOAD, CARD_FEE, EFFECTIVE_MONTHS, FACE_VALUE, MAX_AMOUNT, PRODUCT_CODE, PRODUCT_DESC, SAFETY_STOCKS_EA_MO, UNIT_COST, STATUS, IS_EGC) VALUES (1334, 'gcs', '2014-09-09 14:47:34.584', 'gcs', '2014-09-09 14:47:34.584', 'Y', 'N', 1000.0, 12, '0', NULL, '1231242345235', 'Corporate GOLD', NULL, 400000.0, 0, NULL);
INSERT INTO CRM_GC_PROD_PROFILE (ID, CREATED_BY, CREATED_DATETIME, LAST_UPDATED_BY, LAST_UPDATED_DATETIME, ALLOW_PARTIAL_REDEEM, ALLOW_RELOAD, CARD_FEE, EFFECTIVE_MONTHS, FACE_VALUE, MAX_AMOUNT, PRODUCT_CODE, PRODUCT_DESC, SAFETY_STOCKS_EA_MO, UNIT_COST, STATUS, IS_EGC)VALUES (2574, 'gcs', '2014-09-15 14:08:46.971', 'gcs', '2014-09-15 14:08:46.971', 'Y', 'Y', 450000.0, 12, '0', 1500000, '3242342345234', 'R-CORP-GOLD', NULL, 490000.0, 0, NULL);

INSERT INTO CRM_GC_INVENTORY (ID, CREATED_BY, CREATED_DATETIME, LAST_UPDATED_BY, LAST_UPDATED_DATETIME, ACTIVATION_DATE, ALLOCATE_TO, BALANCE, BARCODE, BATCH_NO, BATCH_REF_NO, RECEIPT_NO, EXPIRY_DATE, FACE_VALUE, LOCATION, ORDER_DATE, PREV_BALANCE, PRODUCT_CODE, PRODUCT_NAME, RECEIVE_DATE, REDEMPTION_DATE, REFUNDABLE, SEQ_NO, SERIES, STATUS, ORDER_ID, PROFILE_ID, BOX_NO, RECEIVED_BY, SALES_TYPE, RYNS, IS_EGC, IS_EMAIL_SENT, MOBILE_NO, EMAIL, PIN) VALUES (nextval('hibernate_sequence'), 'SYSTEM', '2014-09-09 14:49:10.109', 'SYSTEM', '2014-09-09 14:49:10.109', '2014-09-28', NULL, 500000.0, '14090900500000337449', 0, NULL, 'RCPT1409090050000001', '2015-09-28', 500000.0000, '20001', '2014-09-09', 410000.0, '1231242345235', 'Corporate GOLD', '2014-09-09', NULL, NULL, 33, 1409090050000033, 'ACTIVATED', 1336, 1334, 'P1111', 'gcs', 'B2C', 'N', NULL, NULL, NULL, NULL, NULL);
INSERT INTO CRM_GC_INVENTORY (ID, CREATED_BY, CREATED_DATETIME, LAST_UPDATED_BY, LAST_UPDATED_DATETIME, ACTIVATION_DATE, ALLOCATE_TO, BALANCE, BARCODE, BATCH_NO, BATCH_REF_NO, RECEIPT_NO, EXPIRY_DATE, FACE_VALUE, LOCATION, ORDER_DATE, PREV_BALANCE, PRODUCT_CODE, PRODUCT_NAME, RECEIVE_DATE, REDEMPTION_DATE, REFUNDABLE, SEQ_NO, SERIES, STATUS, ORDER_ID, PROFILE_ID, BOX_NO, RECEIVED_BY, SALES_TYPE, RYNS, IS_EGC, IS_EMAIL_SENT, MOBILE_NO, EMAIL, PIN) VALUES (nextval('hibernate_sequence'), 'SYSTEM', '2014-09-09 14:49:10.112', 'SYSTEM', '2014-09-29 07:59:36.94', '2014-09-29', NULL, 500000.0, '14090900500000343033', 0, NULL, 'RCPT1409090050000001', '2015-09-29', 500000.0000, '20001', '2014-09-09', NULL, '1231242345235', 'Corporate GOLD', '2014-09-09', NULL, NULL, 34, 1409090050000034, 'ACTIVATED', 1336, 1334, 'P1111', 'gcs', 'REBATE', 'Y', NULL, NULL, NULL, NULL, NULL);
INSERT INTO CRM_GC_INVENTORY (ID, CREATED_BY, CREATED_DATETIME, LAST_UPDATED_BY, LAST_UPDATED_DATETIME, ACTIVATION_DATE, ALLOCATE_TO, BALANCE, BARCODE, BATCH_NO, BATCH_REF_NO, RECEIPT_NO, EXPIRY_DATE, FACE_VALUE, LOCATION, ORDER_DATE, PREV_BALANCE, PRODUCT_CODE, PRODUCT_NAME, RECEIVE_DATE, REDEMPTION_DATE, REFUNDABLE, SEQ_NO, SERIES, STATUS, ORDER_ID, PROFILE_ID, BOX_NO, RECEIVED_BY, SALES_TYPE, RYNS, IS_EGC, IS_EMAIL_SENT, MOBILE_NO, EMAIL, PIN) VALUES (nextval('hibernate_sequence'), 'SYSTEM', '2014-09-15 14:09:20.994', 'SYSTEM', '2014-09-15 14:09:20.994', '2014-09-26', NULL, 500000.0, '14091500500000026010', 0, NULL, 'RCPT1409150050000001', '2015-09-26', 500000.0000, '20001', '2014-09-15', 1000000.0, '3242342345234', 'R-CORP-GOLD', '2014-09-15', NULL, NULL, 2, 1409150050000002, 'ACTIVATED', 2576, 2574, '123123', 'gcs', 'B2C', 'N', NULL, NULL, NULL, NULL, NULL);

INSERT INTO CRM_GC_TRANSACTION (ID,CREATED_BY, CREATED_DATETIME, LAST_UPDATED_BY, LAST_UPDATED_DATETIME, CASHIER_ID, TERMINAL_ID, TXN_DATE, TXN_NO, TXN_TYPE, MERCHANT_ID, REF_TXN_NO, SALES_ORDER_ID, SETTLEMENT, LOSE_TXN, CLAIMED_BY_AF, DISCOUNT, PSOFT_STORE_MAPPING_ID, SALES_TYPE) VALUES (3027,'SYSTEM', '2014-09-28 21:34:25.153', 'SYSTEM', '2014-09-28 21:34:25.153', '20001US00009', '20001TR00009', '2014-08-17 09:15:47.405', '200010290000500', 'ACTIVATION', '20001', NULL, NULL, false, false, false, 0.0, 2339, 'B2C');
INSERT INTO CRM_GC_TRANSACTION (ID,CREATED_BY, CREATED_DATETIME, LAST_UPDATED_BY, LAST_UPDATED_DATETIME, CASHIER_ID, TERMINAL_ID, TXN_DATE, TXN_NO, TXN_TYPE, MERCHANT_ID, REF_TXN_NO, SALES_ORDER_ID, SETTLEMENT, LOSE_TXN, CLAIMED_BY_AF, DISCOUNT, PSOFT_STORE_MAPPING_ID, SALES_TYPE) VALUES (3031,'SYSTEM', '2014-09-28 21:36:17.658', 'SYSTEM', '2014-09-28 21:36:17.658', '20001US00009', '20001TR00009', '2014-08-17 08:58:28.491', '200010290000501', 'VOID_ACTIVATED', '20001', '200010290000500', NULL, false, false, false, 0.0, 2339, 'B2C');
INSERT INTO CRM_GC_TRANSACTION (ID,CREATED_BY, CREATED_DATETIME, LAST_UPDATED_BY, LAST_UPDATED_DATETIME, CASHIER_ID, TERMINAL_ID, TXN_DATE, TXN_NO, TXN_TYPE, MERCHANT_ID, REF_TXN_NO, SALES_ORDER_ID, SETTLEMENT, LOSE_TXN, CLAIMED_BY_AF, DISCOUNT, PSOFT_STORE_MAPPING_ID, SALES_TYPE) VALUES (3037,'SYSTEM', '2014-09-28 21:39:26.543', 'SYSTEM', '2014-09-28 21:39:26.543', '20001US00009', '20001TR00009', '2014-08-17 09:15:47.405', '200010290000502', 'ACTIVATION', '20001', NULL, NULL, false, false, false, 0.0, 2339, 'B2C');
INSERT INTO CRM_GC_TRANSACTION (ID,CREATED_BY, CREATED_DATETIME, LAST_UPDATED_BY, LAST_UPDATED_DATETIME, CASHIER_ID, TERMINAL_ID, TXN_DATE, TXN_NO, TXN_TYPE, MERCHANT_ID, REF_TXN_NO, SALES_ORDER_ID, SETTLEMENT, LOSE_TXN, CLAIMED_BY_AF, DISCOUNT, PSOFT_STORE_MAPPING_ID, SALES_TYPE) VALUES (3043,'SYSTEM', '2014-09-28 21:42:20.799', 'SYSTEM', '2014-09-28 21:42:20.799', '20001US00009', '20001TR00009', '2014-08-17 10:55:16.98', '200010290000503', 'REDEMPTION', '20001', NULL, NULL, false, false, false, 0.0, 2339, NULL);
INSERT INTO CRM_GC_TRANSACTION (ID,CREATED_BY, CREATED_DATETIME, LAST_UPDATED_BY, LAST_UPDATED_DATETIME, CASHIER_ID, TERMINAL_ID, TXN_DATE, TXN_NO, TXN_TYPE, MERCHANT_ID, REF_TXN_NO, SALES_ORDER_ID, SETTLEMENT, LOSE_TXN, CLAIMED_BY_AF, DISCOUNT, PSOFT_STORE_MAPPING_ID, SALES_TYPE) VALUES (3046,'SYSTEM', '2014-09-28 21:43:28.722', 'SYSTEM', '2014-09-28 21:43:28.722', '20001US00009', '20001TR00009', '2014-08-17 08:58:28.491', '200010290000504', 'VOID_REDEMPTION', '20001', '200010290000503', NULL, false, false, false, 0.0, 2339, NULL);
INSERT INTO CRM_GC_TRANSACTION (ID,CREATED_BY, CREATED_DATETIME, LAST_UPDATED_BY, LAST_UPDATED_DATETIME, CASHIER_ID, TERMINAL_ID, TXN_DATE, TXN_NO, TXN_TYPE, MERCHANT_ID, REF_TXN_NO, SALES_ORDER_ID, SETTLEMENT, LOSE_TXN, CLAIMED_BY_AF, DISCOUNT, PSOFT_STORE_MAPPING_ID, SALES_TYPE) VALUES (3078,'SYSTEM', '2014-09-28 21:42:20.799', 'SYSTEM', '2014-09-28 21:42:20.799', '20001US00009', '20001TR00009', '2014-08-17 10:55:16.98', '200010290000603', 'REDEMPTION', '20001', NULL, NULL, false, false, false, 0.0, 2339, NULL);
INSERT INTO CRM_GC_TRANSACTION (ID,CREATED_BY, CREATED_DATETIME, LAST_UPDATED_BY, LAST_UPDATED_DATETIME, CASHIER_ID, TERMINAL_ID, TXN_DATE, TXN_NO, TXN_TYPE, MERCHANT_ID, REF_TXN_NO, SALES_ORDER_ID, SETTLEMENT, LOSE_TXN, CLAIMED_BY_AF, DISCOUNT, PSOFT_STORE_MAPPING_ID, SALES_TYPE) VALUES (3055,'SYSTEM', '2014-09-29 07:59:36.878', 'SYSTEM', '2014-09-29 07:59:36.878', '20001US00009', '20001TR00009', '2014-08-17 09:15:47.405', '200010290000600', 'ACTIVATION', '20001', NULL, NULL, false, false, false, 0.0, 2339, 'REBATE');
INSERT INTO CRM_GC_TRANSACTION (ID,CREATED_BY, CREATED_DATETIME, LAST_UPDATED_BY, LAST_UPDATED_DATETIME, CASHIER_ID, TERMINAL_ID, TXN_DATE, TXN_NO, TXN_TYPE, MERCHANT_ID, REF_TXN_NO, SALES_ORDER_ID, SETTLEMENT, LOSE_TXN, CLAIMED_BY_AF, DISCOUNT, PSOFT_STORE_MAPPING_ID, SALES_TYPE) VALUES (3085,'SYSTEM', '2014-09-29 08:09:27.721', 'SYSTEM', '2014-09-29 08:09:27.721', '20001US00009', '20001TR00009', '2014-08-17 09:15:47.405', '200010290000601', 'RELOAD', '20001', NULL, NULL, false, false, false, 0.0, 2339, NULL);

INSERT INTO CRM_GC_TRANSACTION_ITEM (ID,CURR_AMOUNT, TXN_AMOUNT, CARD_NO, TRANSACTION_ID) VALUES (nextval('hibernate_sequence'),0.0	,  500000.0, '14090900500000337449', 3027);   -- A
INSERT INTO CRM_GC_TRANSACTION_ITEM (ID,CURR_AMOUNT, TXN_AMOUNT, CARD_NO, TRANSACTION_ID) VALUES (nextval('hibernate_sequence'),500000.0, -500000.0, '14090900500000337449', 3031);   -- AV
INSERT INTO CRM_GC_TRANSACTION_ITEM (ID,CURR_AMOUNT, TXN_AMOUNT, CARD_NO, TRANSACTION_ID) VALUES (nextval('hibernate_sequence'),0.0	,  500000.0, '14090900500000337449', 3037);   -- A
INSERT INTO CRM_GC_TRANSACTION_ITEM (ID,CURR_AMOUNT, TXN_AMOUNT, CARD_NO, TRANSACTION_ID) VALUES (nextval('hibernate_sequence'),500000.0,  -90000.0, '14090900500000337449', 3043);   -- R
INSERT INTO CRM_GC_TRANSACTION_ITEM (ID,CURR_AMOUNT, TXN_AMOUNT, CARD_NO, TRANSACTION_ID) VALUES (nextval('hibernate_sequence'),410000.0,   90000.0, '14090900500000337449', 3046);   -- RV
INSERT INTO CRM_GC_TRANSACTION_ITEM (ID,CURR_AMOUNT, TXN_AMOUNT, CARD_NO, TRANSACTION_ID) VALUES (nextval('hibernate_sequence'),90000.0,  -500000.0, '14090900500000337449', 3078);   -- R
INSERT INTO CRM_GC_TRANSACTION_ITEM (ID,CURR_AMOUNT, TXN_AMOUNT, CARD_NO, TRANSACTION_ID) VALUES (nextval('hibernate_sequence'),0.0	,  500000.0, '14090900500000343033', 3055);   -- A
INSERT INTO CRM_GC_TRANSACTION_ITEM (ID,CURR_AMOUNT, TXN_AMOUNT, CARD_NO, TRANSACTION_ID) VALUES (nextval('hibernate_sequence'),500000.0,  500000.0, '14091500500000026010', 3085);   -- RELOAD

